DATE_TIME,HIGH,LOW,OPEN,CLOSE,Event_value,Event_type,Time duration,Trend,Boundaries,strength,time
2011-01-13 08:30:00,82.84100000000001,82.728,82.73200000000001,82.818,1.1,USD_PPI,Short term,RANGE,0.012900000000011859,0.04114860139860195,08:30:00
2011-01-24 22:30:00,82.48299999999999,82.43700000000001,82.48299999999999,82.445,0.1,JPY_IR,Long term,RANGE,0.010850000000000649,0.045159090909091086,22:30:00
2011-01-26 14:15:00,82.425,82.323,82.38799999999999,82.32600000000001,0.25,USD_IR,Short term,RANGE,0.04679999999999893,0.06767694805194804,14:15:00
2011-01-28 08:30:00,82.387,82.29799999999999,82.385,82.29799999999999,3.2,USD_GDP,Short term,RANGE,0.01700000000000017,0.05357523510971773,08:30:00
2011-02-15 08:30:00,83.84299999999999,83.773,83.781,83.788,0.3,USD_RETAIL,Long term,UP,0.009899999999990429,0.0445909090908998,08:30:00
2011-02-16 08:30:00,83.949,83.866,83.88600000000001,83.935,0.8,USD_PPI,Long term,RANGE,0.011349999999988826,0.04114860139860195,08:30:00
2011-02-17 08:30:00,83.47,83.288,83.45700000000001,83.288,0.2,USD_CPI,Long term,UP,0.011349999999988826,0.059045454545454845,08:30:00
2011-02-24 18:30:00,81.95,81.915,81.92200000000001,81.918,-0.2,JPY_CPI,Short term,DOWN,0.009600000000000365,-0.028818181818166977,18:30:00
2011-02-25 08:30:00,81.77600000000001,81.706,81.741,81.711,2.8,USD_GDP,Short term,DOWN,0.007500000000000284,-0.027999999999991587,08:30:00
2011-02-28 18:30:00,81.941,81.877,81.941,81.884,4.9,JPY_UNEMP,Short term,UP,0.007250000000013301,0.021818181818176186,18:30:00
2011-03-11 08:30:00,82.17299999999999,82.071,82.09899999999999,82.15700000000001,1.0,USD_RETAIL,Long term,RANGE,0.0406999999999897,0.05226048951048979,08:30:00
2011-03-15 13:15:00,80.878,80.813,80.827,80.836,0.25,USD_IR,Long term,RANGE,0.018399999999989803,0.06767694805194804,13:15:00
2011-03-16 07:30:00,80.825,80.61,80.632,80.78399999999999,1.6,USD_PPI,Long term,RANGE,0.10019999999998959,0.04114860139860195,07:30:00
2011-03-17 07:30:00,78.833,78.613,78.66199999999999,78.708,0.2,USD_CPI,Long term,RANGE,0.10019999999998959,0.056073529411764834,07:30:00
2011-03-24 18:30:00,81.00399999999999,80.953,80.973,80.98899999999999,-0.3,JPY_CPI,Long term,RANGE,0.014400000000000546,0.03447368421052656,18:30:00
2011-03-25 07:30:00,81.153,81.093,81.102,81.152,3.1,USD_GDP,Short term,RANGE,0.014400000000000546,0.05357523510971773,07:30:00
2011-03-28 18:30:00,81.735,81.687,81.696,81.732,4.6,JPY_UNEMP,Long term,DOWN,0.010550000000000637,-0.03145454545453674,18:30:00
2011-04-13 07:30:00,84.21,84.02600000000001,84.03399999999999,84.18,0.4,USD_RETAIL,Short term,DOWN,0.02295000000000158,-0.05327272727272714,07:30:00
2011-04-14 07:30:00,83.15700000000001,82.95700000000001,83.154,83.02600000000001,0.7,USD_PPI,Long term,DOWN,0.012549999999998819,-0.06436363636363751,07:30:00
2011-04-15 07:30:00,83.275,83.137,83.271,83.18700000000001,0.1,USD_CPI,Long term,DOWN,0.014849999999989906,-0.043363636363622504,07:30:00
2011-04-27 11:30:00,82.76100000000001,82.333,82.55799999999999,82.34700000000001,0.25,USD_IR,Short term,DOWN,0.01740000000000208,-0.05604545454545473,11:30:00
2011-04-27 23:30:00,81.757,81.64,81.757,81.688,0.1,JPY_IR,Long term,RANGE,0.01740000000000208,0.045159090909091086,23:30:00
2011-04-28 07:30:00,81.76100000000001,81.506,81.759,81.542,1.8,USD_GDP,Long term,RANGE,0.01740000000000208,0.05357523510971773,07:30:00
2011-05-13 07:30:00,80.887,80.622,80.873,80.633,0.2,USD_CPI,Short term,DOWN,0.013500000000000512,-0.05322727272726979,07:30:00
2011-05-19 22:15:00,81.681,81.64699999999999,81.673,81.665,0.1,JPY_IR,Long term,RANGE,0.0188500000000019,0.045159090909091086,22:15:00
2011-05-26 07:30:00,81.756,81.542,81.756,81.54899999999999,1.8,USD_GDP,Short term,RANGE,0.026200000000000046,0.05357523510971773,07:30:00
2011-05-26 18:30:00,81.262,81.232,81.258,81.257,0.6,JPY_CPI,Short term,RANGE,0.026200000000000046,0.03447368421052656,18:30:00
2011-05-30 18:30:00,80.857,80.77199999999999,80.84,80.84,4.7,JPY_UNEMP,Long term,RANGE,0.02814999999999941,0.031686602870813645,18:30:00
2011-06-13 22:45:00,80.253,80.195,80.23100000000001,80.23100000000001,0.1,JPY_IR,Long term,UP,0.014100000000000536,0.018636363636360898,22:45:00
2011-06-15 07:30:00,81.047,80.77,80.824,80.882,0.3,USD_CPI,Long term,DOWN,0.014100000000000536,-0.05486363636364899,07:30:00
2011-06-22 11:30:00,80.163,80.084,80.12899999999999,80.142,0.25,USD_IR,Long term,UP,0.011050000000001604,0.031454545454565164,11:30:00
2011-06-24 07:30:00,80.33800000000001,80.223,80.258,80.281,1.9,USD_GDP,Long term,UP,0.017549999999999955,0.038909090909100996,07:30:00
2011-07-15 07:30:00,79.16199999999999,79.048,79.16199999999999,79.149,0.3,USD_CPI,Long term,DOWN,0.008550000000002457,-0.04199999999998738,07:30:00
2011-07-29 07:30:00,77.532,77.319,77.509,77.32,1.3,USD_GDP,Short term,RANGE,0.04789999999999992,0.05357523510971773,07:30:00
2011-08-04 00:00:00,79.344,79.161,79.248,79.211,0.1,JPY_IR,Long term,RANGE,0.06474999999999938,0.045159090909091086,00:00:00
2011-08-09 13:15:00,77.19,76.836,77.041,77.08800000000001,0.25,USD_IR,Long term,DOWN,0.012049999999999273,-0.11904545454545712,13:15:00
2011-08-12 07:30:00,76.685,76.55,76.59100000000001,76.60300000000001,0.5,USD_RETAIL,Short term,DOWN,0.012749999999989825,-0.03495454545453924,07:30:00
2011-08-17 07:30:00,76.528,76.472,76.476,76.493,0.2,USD_PPI,Long term,RANGE,0.006350000000000478,0.04114860139860195,07:30:00
2011-08-18 07:30:00,76.64399999999999,76.568,76.579,76.586,0.2,USD_CPI,Long term,RANGE,0.012150000000001172,0.056073529411764834,07:30:00
2011-08-25 18:30:00,77.446,77.363,77.422,77.373,0.1,JPY_CPI,Long term,RANGE,0.017250000000001365,0.03447368421052656,18:30:00
2011-08-26 07:30:00,76.637,76.584,76.618,76.602,1.0,USD_GDP,Long term,UP,0.017250000000001365,0.07490909090908815,07:30:00
2011-08-29 18:30:00,76.882,76.833,76.862,76.858,4.7,JPY_UNEMP,Long term,DOWN,0.00835000000000008,-0.0283181818181788,18:30:00
2011-09-15 07:30:00,76.775,76.595,76.623,76.765,0.2,USD_CPI,Short term,DOWN,0.01460000000001287,-0.04881818181817721,07:30:00
2011-09-21 13:15:00,76.46,76.3,76.335,76.447,0.25,USD_IR,Short term,UP,0.014849999999989906,0.04518181818180267,13:15:00
2011-09-29 07:30:00,76.78699999999999,76.654,76.664,76.759,1.3,USD_GDP,Long term,DOWN,0.007500000000001706,-0.03904545454544461,07:30:00
2011-10-06 22:30:00,76.623,76.601,76.609,76.618,0.1,JPY_IR,Long term,RANGE,0.010899999999999466,0.045159090909091086,22:30:00
2011-10-14 07:30:00,77.178,77.08,77.11399999999999,77.143,1.1,USD_RETAIL,Long term,DOWN,0.01875000000001137,-0.054136363636345664,07:30:00
2011-10-18 07:30:00,76.825,76.721,76.721,76.8,0.8,USD_PPI,Short term,RANGE,0.014200000000001012,0.04114860139860195,07:30:00
2011-10-19 07:30:00,76.84899999999999,76.78,76.81,76.801,0.1,USD_CPI,Long term,DOWN,0.00899999999999892,-0.02354545454545587,07:30:00
2011-10-26 23:30:00,76.237,75.946,76.142,75.983,0.1,JPY_IR,Short term,RANGE,0.007949999999989642,0.045159090909091086,23:30:00
2011-10-27 07:30:00,75.77600000000001,75.66199999999999,75.77,75.685,2.5,USD_GDP,Long term,UP,0.007849999999999113,0.037409090909108045,07:30:00
2011-11-02 11:30:00,78.063,77.985,78.01100000000001,78.062,0.25,USD_IR,Short term,RANGE,0.0059499999999985675,0.06767694805194804,11:30:00
2011-11-15 22:30:00,77.054,77.031,77.048,77.041,0.1,JPY_IR,Short term,RANGE,0.005500000000000682,0.045159090909091086,22:30:00
2011-11-16 08:30:00,76.999,76.954,76.96,76.999,0.1,USD_CPI,Long term,DOWN,0.005100000000000194,-0.028045454545448933,08:30:00
2011-11-22 08:30:00,77.04,77.002,77.031,77.008,2.0,USD_GDP,Long term,DOWN,0.010399999999999921,-0.02354545454545587,08:30:00
2011-11-24 18:30:00,77.24,77.21600000000001,77.234,77.236,-0.1,JPY_CPI,Long term,UP,0.014349999999998886,0.030727272727276045,18:30:00
2011-11-28 18:30:00,78.14,78.123,78.137,78.14,4.5,JPY_UNEMP,Short term,UP,0.009949999999999194,0.024954545454548338,18:30:00
2011-12-13 08:30:00,77.824,77.71600000000001,77.824,77.72800000000001,0.2,USD_RETAIL,Short term,UP,0.0066500000000019105,0.0376818181818237,08:30:00
2011-12-13 14:15:00,77.985,77.938,77.961,77.98100000000001,0.25,USD_IR,Short term,RANGE,0.0066500000000019105,0.06767694805194804,14:15:00
2011-12-15 08:30:00,77.868,77.757,77.758,77.839,0.3,USD_PPI,Long term,UP,0.00625,0.038090909090911396,08:30:00
2011-12-16 08:30:00,77.844,77.806,77.819,77.843,0.2,USD_CPI,Long term,DOWN,0.00904999999999916,-0.029090909090911055,08:30:00
2011-12-22 08:30:00,78.19,78.146,78.17399999999999,78.176,1.8,USD_GDP,Long term,DOWN,0.005749999999999034,-0.020772727272699854,08:30:00
2012-01-12 08:30:00,76.76100000000001,76.686,76.75399999999999,76.711,0.1,USD_RETAIL,Long term,DOWN,0.010699999999999932,-0.034136363636378064,08:30:00
2012-01-18 08:30:00,76.866,76.825,76.857,76.842,-0.1,USD_PPI,Long term,DOWN,0.004949999999999477,-0.02186363636361932,08:30:00
2012-01-19 08:30:00,76.92399999999999,76.84899999999999,76.855,76.92399999999999,0.1,USD_CPI,Long term,UP,0.007950000000001012,0.03536363636365536,08:30:00
2012-01-23 22:30:00,77.001,76.98899999999999,76.995,77.0,0.1,JPY_IR,Short term,RANGE,0.018600000000000706,0.045159090909091086,22:30:00
2012-01-25 12:30:00,77.665,77.553,77.64399999999999,77.653,0.25,USD_IR,Short term,DOWN,0.0146000000000015,-0.0655909090909006,12:30:00
2012-01-26 18:30:00,77.385,77.348,77.35,77.373,-0.1,JPY_CPI,Short term,RANGE,0.01779999999999973,0.03447368421052656,18:30:00
2012-01-27 08:30:00,76.82,76.763,76.81,76.79899999999999,2.8,USD_GDP,Long term,RANGE,0.018249999999989087,0.05357523510971773,08:30:00
2012-01-30 18:30:00,76.404,76.36,76.36,76.367,4.6,JPY_UNEMP,Long term,DOWN,0.00974999999998829,-0.027590909090903892,18:30:00
2012-02-13 22:45:00,77.914,77.869,77.877,77.869,0.1,JPY_IR,Long term,UP,0.015699999999999648,0.031090909090892183,22:45:00
2012-02-14 08:30:00,78.172,78.09,78.092,78.172,0.4,USD_RETAIL,Short term,UP,0.015699999999999648,0.050863636363658316,08:30:00
2012-02-16 08:30:00,78.921,78.852,78.90899999999999,78.862,0.1,USD_PPI,Short term,DOWN,0.01009999999999991,-0.03249999999999886,08:30:00
2012-02-17 08:30:00,79.365,79.264,79.267,79.339,0.2,USD_CPI,Short term,RANGE,0.03070000000000164,0.056073529411764834,08:30:00
2012-02-29 08:30:00,80.407,80.305,80.309,80.381,3.0,USD_GDP,Long term,UP,0.014499999999999603,0.07899999999999352,08:30:00
2012-03-01 04:00:00,81.119,81.06,81.11399999999999,81.109,2.8,USD_PPI,Short term,DOWN,0.014499999999999603,-0.03209090909089696,04:00:00
2012-03-13 00:00:00,82.16799999999999,82.065,82.072,82.155,0.1,JPY_IR,Long term,RANGE,0.014450000000000785,0.045159090909091086,00:00:00
2012-03-13 07:30:00,82.742,82.691,82.73899999999999,82.728,1.1,USD_RETAIL,Long term,RANGE,0.014450000000000785,0.05226048951048979,07:30:00
2012-03-13 13:15:00,83.074,82.961,83.02799999999999,83.036,0.25,USD_IR,Long term,RANGE,0.014450000000000785,0.06767694805194804,13:15:00
2012-03-15 07:30:00,83.35799999999999,83.225,83.275,83.258,0.4,USD_PPI,Long term,DOWN,0.017549999999998536,-0.06113636363636488,07:30:00
2012-03-16 07:30:00,83.69200000000001,83.50200000000001,83.68299999999999,83.50399999999999,0.1,USD_CPI,Short term,RANGE,0.017549999999998536,0.056073529411764834,07:30:00
2012-03-29 07:30:00,82.35600000000001,82.19200000000001,82.354,82.238,3.0,USD_GDP,Short term,DOWN,0.016199999999999194,-0.07068181818183916,07:30:00
2012-04-12 07:30:00,81.054,80.882,81.053,80.90899999999999,0.0,USD_PPI,Short term,DOWN,0.010500000000000398,-0.04227272727273146,07:30:00
2012-04-13 07:30:00,81.025,80.947,80.969,81.007,0.2,USD_CPI,Long term,UP,0.011600000000001387,0.03136363636363626,07:30:00
2012-04-16 07:30:00,80.811,80.73100000000001,80.733,80.77,0.8,USD_RETAIL,Long term,DOWN,0.0125,-0.04422727272726945,07:30:00
2012-04-25 11:30:00,81.564,81.301,81.313,81.438,0.25,USD_IR,Long term,DOWN,0.014500000000001024,-0.06509090909092663,11:30:00
2012-04-26 22:30:00,80.962,80.882,80.919,80.911,0.1,JPY_IR,Short term,DOWN,0.02195000000000107,-0.13613636363636772,22:30:00
2012-04-27 07:30:00,80.703,80.491,80.702,80.555,2.2,USD_GDP,Short term,RANGE,0.02195000000000107,0.05357523510971773,07:30:00
2012-05-11 07:30:00,79.876,79.792,79.83800000000001,79.872,-0.2,USD_PPI,Long term,RANGE,0.008999999999988973,0.04114860139860195,07:30:00
2012-05-24 18:30:00,79.615,79.592,79.607,79.60600000000001,0.2,JPY_CPI,Short term,UP,0.008599999999999853,0.018090909090915375,18:30:00
2012-05-28 18:30:00,79.57600000000001,79.546,79.54899999999999,79.572,4.6,JPY_UNEMP,Long term,DOWN,0.006749999999999545,-0.022409090909107476,18:30:00
2012-05-31 07:30:00,78.699,78.572,78.697,78.618,1.9,USD_GDP,Short term,DOWN,0.022200000000000844,-0.04527272727271736,07:30:00
2012-06-14 07:30:00,79.308,79.154,79.295,79.235,0.2,USD_CPI,Long term,RANGE,0.008100000000000307,0.056073529411764834,07:30:00
2012-06-20 11:30:00,79.546,79.392,79.416,79.46300000000001,0.25,USD_IR,Short term,UP,0.01115000000000066,0.059272727272727366,11:30:00
2012-06-28 07:30:00,79.45,79.377,79.41,79.385,1.9,USD_GDP,Long term,RANGE,0.009550000000001547,0.05357523510971773,07:30:00
2012-07-13 07:30:00,79.313,79.233,79.252,79.298,0.1,USD_PPI,Long term,DOWN,0.00905000000000058,-0.03545454545452742,07:30:00
2012-07-16 07:30:00,79.02600000000001,78.854,79.02600000000001,78.88,-0.5,USD_RETAIL,Short term,RANGE,0.041199999999999196,0.05226048951048979,07:30:00
2012-07-17 07:30:00,79.164,79.115,79.132,79.146,2.2,USD_CPI,Long term,DOWN,0.00905000000000058,"DATE_TIME
2012-07-17 07:30:00   -0.031545
2012-07-17 07:30:00   -0.031545
Name: strength, dtype: float64",07:30:00
2012-07-17 07:30:00,79.164,79.115,79.132,79.146,0.2,USD_CPI,Long term,DOWN,0.00905000000000058,"DATE_TIME
2012-07-17 07:30:00   -0.031545
2012-07-17 07:30:00   -0.031545
Name: strength, dtype: float64",07:30:00
2012-07-26 18:30:00,78.345,78.252,78.252,78.286,-0.2,JPY_CPI,Long term,UP,0.01285000000000025,0.027909090909091105,18:30:00
2012-07-27 07:30:00,78.429,78.122,78.131,78.415,1.5,USD_GDP,Short term,UP,0.01285000000001304,0.04963636363638102,07:30:00
2012-07-30 18:30:00,78.154,78.12,78.15,78.145,4.3,JPY_UNEMP,Long term,RANGE,0.0049999999999997165,0.031686602870813645,18:30:00
2012-08-01 13:15:00,78.385,78.212,78.23100000000001,78.37899999999999,0.25,USD_IR,Long term,UP,0.008949999999998681,0.04154545454547076,13:15:00
2012-08-08 23:00:00,78.40899999999999,78.348,78.368,78.387,0.1,JPY_IR,Short term,UP,0.008950000000000102,0.022045454545448706,23:00:00
2012-08-15 07:30:00,79.027,78.695,79.014,78.725,2.1,USD_CPI,Short term,UP,0.018349999999999513,0.050954545454544586,07:30:00
2012-08-15 07:30:00,79.027,78.695,79.014,78.725,0.1,USD_CPI,Short term,DOWN,0.018349999999999513,-0.05545454545452344,07:30:00
2012-08-29 07:30:00,78.653,78.597,78.605,78.635,1.7,USD_GDP,Long term,DOWN,0.0054999999999992616,-0.028272727272721454,07:30:00
2012-09-13 07:30:00,77.64399999999999,77.54899999999999,77.612,77.579,1.7,USD_PPI,Short term,DOWN,0.016200000000000613,-0.040909090909082124,07:30:00
2012-09-13 11:30:00,77.717,77.135,77.413,77.584,0.25,USD_IR,Short term,DOWN,0.016200000000000613,-0.07386363636362603,11:30:00
2012-09-18 22:45:00,79.002,78.704,78.704,78.917,0.1,JPY_IR,Short term,UP,0.018750000000001422,0.07400000000002649,22:45:00
2012-09-27 07:30:00,77.656,77.574,77.65,77.645,1.3,USD_GDP,Long term,UP,0.006999999999999318,0.02013636363636806,07:30:00
2012-10-04 22:15:00,78.393,78.328,78.38600000000001,78.378,0.1,JPY_IR,Short term,DOWN,0.016400000000000147,-0.03454545454543734,22:15:00
2012-10-12 07:30:00,78.416,78.329,78.40100000000001,78.35,1.1,USD_PPI,Long term,UP,0.006849999999998602,0.02409090909088718,07:30:00
2012-10-15 07:30:00,78.852,78.77,78.77,78.806,1.1,USD_RETAIL,Long term,RANGE,0.030500000000000683,0.05226048951048979,07:30:00
2012-10-16 07:30:00,78.941,78.86,78.895,78.883,0.1,USD_CPI,Long term,DOWN,0.007450000000000046,-0.03554545454545632,07:30:00
2012-10-24 13:15:00,79.811,79.723,79.759,79.753,0.25,USD_IR,Long term,RANGE,0.007850000000001956,0.06767694805194804,13:15:00
2012-10-25 18:30:00,80.309,80.257,80.309,80.26899999999999,-0.1,JPY_CPI,Short term,RANGE,0.014549999999989894,0.03447368421052656,18:30:00
2012-10-26 07:30:00,79.97399999999999,79.835,79.835,79.90899999999999,2.0,USD_GDP,Long term,DOWN,0.014100000000000536,-0.03372727272727616,07:30:00
2012-10-29 18:30:00,79.882,79.845,79.84899999999999,79.855,4.2,JPY_UNEMP,Long term,RANGE,0.026400000000001003,0.031686602870813645,18:30:00
2012-10-30 00:45:00,79.484,79.4,79.477,79.432,0.1,JPY_IR,Long term,RANGE,0.026400000000001003,0.045159090909091086,00:45:00
2012-11-15 08:30:00,81.291,81.236,81.278,81.262,0.2,USD_CPI,Short term,DOWN,0.015049999999999387,-0.03472727272726672,08:30:00
2012-11-19 22:15:00,81.258,81.23899999999999,81.247,81.251,0.1,JPY_IR,Long term,RANGE,0.007650000000001001,0.045159090909091086,22:15:00
2012-11-29 08:30:00,82.031,81.908,82.023,81.95700000000001,2.7,USD_GDP,Long term,UP,0.015500000000000114,0.03577272727268621,08:30:00
2012-12-12 12:30:00,83.244,83.20700000000001,83.214,83.221,0.25,USD_IR,Long term,DOWN,0.012050000000000694,-0.03895454545454413,12:30:00
2012-12-14 08:30:00,83.53399999999999,83.414,83.53,83.501,0.1,USD_CPI,Short term,RANGE,0.05584999999999951,0.056073529411764834,08:30:00
2012-12-19 23:00:00,84.18,84.126,84.176,84.135,0.1,JPY_IR,Short term,DOWN,0.012700000000000955,-0.043000000000006366,23:00:00
2012-12-20 08:30:00,84.315,84.21799999999999,84.296,84.22200000000001,3.1,USD_GDP,Long term,DOWN,0.013149999999990315,-0.02740909090910293,08:30:00
2013-01-16 08:30:00,88.365,88.163,88.194,88.32799999999999,0.1,USD_CPI,Short term,UP,0.021500000000001764,0.06518181818182711,08:30:00
2013-01-24 18:30:00,90.5,90.42,90.44200000000001,90.48899999999999,-0.2,JPY_CPI,Short term,RANGE,0.02829999999999018,0.03447368421052656,18:30:00
2013-01-30 08:30:00,91.221,91.14200000000001,91.21700000000001,91.176,-0.1,USD_GDP,Long term,DOWN,0.009800000000012687,-0.05327272727271293,08:30:00
2013-01-30 14:15:00,91.148,91.09,91.148,91.10799999999999,0.25,USD_IR,Long term,DOWN,0.009800000000012687,-0.042545454545475536,14:15:00
2013-01-31 18:30:00,91.711,91.613,91.619,91.68799999999999,4.2,JPY_UNEMP,Short term,UP,0.019299999999998364,0.03849999999999909,18:30:00
2013-02-13 08:30:00,93.598,93.491,93.546,93.53,0.1,USD_RETAIL,Long term,RANGE,0.027049999999989895,0.05226048951048979,08:30:00
2013-02-20 08:30:00,93.71,93.618,93.62700000000001,93.68299999999999,0.2,USD_PPI,Long term,DOWN,0.012150000000001172,-0.029772727272728616,08:30:00
2013-02-21 08:30:00,93.29799999999999,93.21,93.23899999999999,93.238,0.3,USD_CPI,Short term,DOWN,0.011699999999999024,-0.05327272727272714,08:30:00
2013-02-28 08:30:00,92.39299999999999,92.256,92.34700000000001,92.383,0.1,USD_GDP,Short term,DOWN,0.02884999999999991,-0.06195454545455448,08:30:00
2013-03-13 07:30:00,96.23700000000001,96.10799999999999,96.164,96.221,1.1,USD_RETAIL,Short term,DOWN,0.013700000000014256,-0.06627272727271816,07:30:00
2013-03-14 07:30:00,96.47399999999999,96.315,96.462,96.34299999999999,0.7,USD_PPI,Short term,DOWN,0.013100000000012813,-0.04554545454544723,07:30:00
2013-03-15 07:30:00,95.792,95.634,95.789,95.77799999999999,0.2,USD_CPI,Long term,DOWN,0.03589999999999094,-0.08413636363636101,07:30:00
2013-03-20 13:00:00,96.021,95.869,95.87899999999999,95.98200000000001,0.25,USD_IR,Short term,UP,0.017300000000000183,0.05290909090909679,13:00:00
2013-03-28 07:30:00,94.302,94.14399999999999,94.29,94.18799999999999,0.4,USD_GDP,Long term,DOWN,0.01080000000000041,-0.05009090909089764,07:30:00
2013-04-16 07:30:00,98.14399999999999,97.854,97.85700000000001,98.081,0.1,USD_CPI,Long term,RANGE,0.03070000000000164,0.056073529411764834,07:30:00
2013-04-25 18:30:00,99.39,99.311,99.354,99.35,-0.5,JPY_CPI,Long term,RANGE,0.020500000000001253,0.03447368421052656,18:30:00
2013-04-26 07:30:00,98.57,98.132,98.48,98.15,2.5,USD_GDP,Short term,DOWN,0.019350000000000023,-0.08877272727274033,07:30:00
2013-04-29 18:30:00,97.97,97.882,97.93799999999999,97.929,4.1,JPY_UNEMP,Long term,DOWN,0.021549999999989213,-0.044909090909101224,18:30:00
2013-05-01 13:00:00,97.536,97.057,97.15799999999999,97.31200000000001,0.25,USD_IR,Short term,DOWN,0.02924999999998761,-0.06240909090908531,13:00:00
2013-05-13 07:30:00,102.042,101.788,101.788,101.83,0.1,USD_RETAIL,Long term,RANGE,0.24474999999998914,0.05226048951048979,07:30:00
2013-05-15 07:30:00,102.53399999999999,102.354,102.523,102.49700000000001,-0.7,USD_PPI,Long term,DOWN,0.01710000000000065,-0.09059090909090628,07:30:00
2013-05-16 07:30:00,102.522,102.11399999999999,102.522,102.27799999999999,0.1,USD_CPI,Long term,DOWN,0.013849999999989393,-0.09072727272727832,07:30:00
2013-05-30 07:30:00,101.74700000000001,101.375,101.677,101.46600000000001,2.4,USD_GDP,Long term,DOWN,0.03409999999998945,-0.08890909090911236,07:30:00
2013-06-13 07:30:00,94.185,94.00399999999999,94.069,94.17200000000001,0.6,USD_RETAIL,Long term,RANGE,0.036599999999999966,0.05226048951048979,07:30:00
2013-06-14 07:30:00,95.184,94.876,94.876,95.06200000000001,0.5,USD_PPI,Short term,RANGE,0.037050000000002116,0.04114860139860195,07:30:00
2013-06-18 07:30:00,95.65700000000001,95.29,95.47200000000001,95.594,0.2,USD_CPI,Long term,UP,0.02099999999998943,0.08009090909091299,07:30:00
2013-06-19 13:00:00,95.98,95.249,95.34100000000001,95.93700000000001,0.25,USD_IR,Short term,UP,0.04859999999998763,0.21577272727272145,13:00:00
2013-06-26 07:30:00,97.71,97.34299999999999,97.709,97.527,1.8,USD_GDP,Long term,DOWN,0.019049999999991487,-0.09622727272730458,07:30:00
2013-07-12 07:30:00,99.684,99.492,99.49799999999999,99.494,0.8,USD_PPI,Long term,DOWN,0.022050000000000125,-0.07259090909089139,07:30:00
2013-07-15 07:30:00,100.478,99.955,100.42,100.113,0.4,USD_RETAIL,Long term,RANGE,0.09629999999999939,0.05226048951048979,07:30:00
2013-07-16 07:30:00,99.56,99.34700000000001,99.367,99.444,0.2,USD_CPI,Long term,DOWN,0.019599999999989848,-0.0445909090908998,07:30:00
2013-07-25 18:30:00,99.39200000000001,99.09200000000001,99.10799999999999,99.365,0.4,JPY_CPI,Short term,DOWN,0.015050000000002228,-0.10436363636365797,18:30:00
2013-07-29 18:30:00,97.92,97.882,97.899,97.883,3.9,JPY_UNEMP,Long term,UP,0.013849999999999342,0.05013636363639762,18:30:00
2013-07-31 13:00:00,98.417,97.77,98.196,98.376,0.25,USD_IR,Short term,RANGE,0.023900000000000435,0.06767694805194804,13:00:00
2013-08-07 22:00:00,96.78299999999999,96.479,96.616,96.73,0.1,JPY_IR,Long term,RANGE,0.02085000000000008,0.045159090909091086,22:00:00
2013-08-13 07:30:00,98.24,97.99600000000001,98.01700000000001,98.12100000000001,0.2,USD_RETAIL,Long term,UP,0.012899999999999068,0.07640909090910952,07:30:00
2013-08-14 07:30:00,98.236,98.071,98.236,98.101,0.0,USD_PPI,Long term,UP,0.02195000000000107,0.04840909090906109,07:30:00
2013-08-15 07:30:00,98.649,98.22,98.226,98.509,0.2,USD_CPI,Short term,DOWN,0.023550000000000182,-0.09286363636361727,07:30:00
2013-08-29 07:30:00,98.52,98.25,98.25,98.432,2.5,USD_GDP,Short term,DOWN,0.015749999999999886,-0.07804545454544609,07:30:00
2013-09-04 21:45:00,99.792,99.697,99.72200000000001,99.71700000000001,0.1,JPY_IR,Long term,RANGE,0.014749999999999375,0.045159090909091086,21:45:00
2013-09-17 07:30:00,99.177,99.04899999999999,99.177,99.161,0.1,USD_CPI,Long term,RANGE,0.01190000000000282,0.056073529411764834,07:30:00
2013-09-18 13:00:00,98.848,97.961,98.83,98.37700000000001,0.25,USD_IR,Long term,DOWN,0.02614999999999981,-0.1634090909090844,13:00:00
2013-09-26 07:30:00,98.958,98.781,98.78399999999999,98.93299999999999,2.5,USD_GDP,Short term,RANGE,0.021450000000011474,0.05357523510971773,07:30:00
2013-09-26 18:30:00,99.02,98.941,98.994,98.95,0.8,JPY_CPI,Long term,RANGE,0.03535000000001389,0.03447368421052656,18:30:00
2013-09-30 18:30:00,98.32700000000001,98.294,98.324,98.306,4.1,JPY_UNEMP,Short term,RANGE,0.013899999999991053,0.031686602870813645,18:30:00
2013-10-24 18:30:00,97.413,97.348,97.412,97.37899999999999,0.7,JPY_CPI,Long term,DOWN,0.009550000000001547,-0.06649999999999068,18:30:00
2013-10-28 18:30:00,97.59899999999999,97.51899999999999,97.588,97.55,4.0,JPY_UNEMP,Long term,UP,0.010550000000000637,0.03550000000001319,18:30:00
2013-10-30 07:30:00,98.24799999999999,98.18700000000001,98.223,98.205,0.1,USD_CPI,Long term,RANGE,0.02299999999999045,0.056073529411764834,07:30:00
2013-10-30 13:00:00,98.624,98.52799999999999,98.575,98.538,0.25,USD_IR,Long term,RANGE,0.02299999999999045,0.06767694805194804,13:00:00
2013-10-30 23:15:00,98.391,98.335,98.367,98.384,0.1,JPY_IR,Long term,DOWN,0.02299999999999045,-0.040227272727292984,23:15:00
2013-11-07 08:30:00,99.244,99.132,99.19,99.236,2.8,USD_GDP,Long term,RANGE,0.039900000000000095,0.05357523510971773,08:30:00
2013-11-20 22:15:00,100.43299999999999,100.37200000000001,100.39,100.39200000000001,0.1,JPY_IR,Long term,UP,0.013700000000000045,0.04877272727271986,22:15:00
2013-11-21 08:30:00,101.024,100.963,100.988,100.99799999999999,-0.2,USD_PPI,Short term,UP,0.013700000000000045,0.05418181818183143,08:30:00
2013-12-05 08:30:00,102.13799999999999,101.99600000000001,102.051,102.06299999999999,3.6,USD_GDP,Long term,UP,0.024049999999999728,0.06431818181816595,08:30:00
2013-12-12 08:30:00,102.99,102.866,102.98100000000001,102.945,0.7,USD_RETAIL,Long term,RANGE,0.011950000000011585,0.05226048951048979,08:30:00
2013-12-13 08:30:00,103.24600000000001,103.132,103.189,103.181,-0.1,USD_PPI,Long term,DOWN,0.011949999999998795,-0.05931818181819892,08:30:00
2013-12-17 08:30:00,102.96600000000001,102.87200000000001,102.956,102.87200000000001,0.2,USD_CPI,Long term,DOWN,0.011299999999999956,-0.06500000000001194,08:30:00
2013-12-18 14:00:00,103.697,103.49,103.51799999999999,103.662,0.25,USD_IR,Long term,UP,0.03215000000001283,0.11000000000002785,14:00:00
2013-12-20 00:00:00,104.59100000000001,104.42,104.42399999999999,104.458,0.1,JPY_IR,Long term,DOWN,0.011599999999998546,-0.040545454545451776,00:00:00
2013-12-20 08:30:00,104.479,104.40299999999999,104.427,104.431,4.1,USD_GDP,Long term,DOWN,0.011599999999998546,-0.05618181818178414,08:30:00
2014-01-14 08:30:00,103.71600000000001,103.62,103.691,103.62899999999999,0.2,USD_RETAIL,Long term,UP,0.013249999999999318,0.0542727272727177,08:30:00
2014-01-15 08:30:00,104.488,104.43799999999999,104.445,104.455,0.4,USD_PPI,Long term,UP,0.01255000000000024,0.04445454545455618,08:30:00
2014-01-16 08:30:00,104.259,104.15100000000001,104.25399999999999,104.226,0.1,USD_CPI,Long term,DOWN,0.01255000000000024,-0.06213636363638386,08:30:00
2014-01-29 14:00:00,102.23,102.009,102.031,102.039,0.25,USD_IR,Long term,UP,0.017150000000012256,0.08850000000001046,14:00:00
2014-01-30 08:30:00,102.759,102.625,102.735,102.65,3.2,USD_GDP,Long term,UP,0.017150000000012256,0.04950000000000898,08:30:00
2014-01-30 18:30:00,102.82700000000001,102.764,102.786,102.801,3.7,JPY_UNEMP,Long term,DOWN,0.025699999999989134,-0.03381818181816243,18:30:00
2014-02-13 08:30:00,101.83,101.73,101.758,101.819,-0.4,USD_RETAIL,Long term,UP,0.011750000000000684,0.06368181818179153,08:30:00
2014-02-17 22:30:00,102.55,102.461,102.512,102.48100000000001,0.1,JPY_IR,Short term,UP,0.02815000000000083,0.06686363636362103,22:30:00
2014-02-19 08:30:00,102.166,102.04299999999999,102.04299999999999,102.15100000000001,0.2,USD_PPI,Short term,UP,0.01115000000000066,0.03313636363635908,08:30:00
2014-02-20 08:30:00,102.344,102.235,102.257,102.244,0.1,USD_CPI,Long term,DOWN,0.01115000000000066,-0.047681818181814606,08:30:00
2014-02-27 18:30:00,102.069,101.98299999999999,102.04899999999999,101.995,3.7,JPY_UNEMP,Short term,RANGE,0.03640000000000043,0.031686602870813645,18:30:00
2014-02-28 08:30:00,102.19200000000001,102.01,102.016,102.176,2.4,USD_GDP,Short term,RANGE,0.03640000000000043,0.05357523510971773,08:30:00
2014-03-10 22:00:00,103.292,103.25399999999999,103.28299999999999,103.272,0.1,JPY_IR,Long term,RANGE,0.007800000000000296,0.045159090909091086,22:00:00
2014-03-13 07:30:00,102.76799999999999,102.652,102.76700000000001,102.666,0.3,USD_RETAIL,Long term,DOWN,0.01460000000000008,-0.06209090909094073,07:30:00
2014-03-14 07:30:00,101.462,101.292,101.292,101.43700000000001,-0.1,USD_PPI,Long term,UP,0.01460000000000008,0.07645454545455266,07:30:00
2014-03-18 07:30:00,101.521,101.415,101.443,101.449,0.1,USD_CPI,Long term,UP,0.01839999999999975,0.052363636363637056,07:30:00
2014-03-19 13:00:00,102.681,102.42399999999999,102.485,102.488,0.25,USD_IR,Long term,RANGE,0.03285000000000054,0.06767694805194804,13:00:00
2014-03-27 07:30:00,102.316,102.13,102.315,102.15100000000001,2.6,USD_GDP,Long term,RANGE,0.016199999999989247,0.05357523510971773,07:30:00
2014-04-07 22:00:00,102.936,102.85799999999999,102.926,102.925,0.1,JPY_IR,Short term,UP,0.01364999999998986,0.037045454545449275,22:00:00
2014-04-11 07:30:00,101.546,101.43,101.43799999999999,101.49799999999999,0.5,USD_PPI,Long term,DOWN,0.0117999999999995,-0.04681818181818187,07:30:00
2014-04-14 07:30:00,102.01100000000001,101.853,101.853,101.896,1.1,USD_RETAIL,Long term,DOWN,0.0355000000000004,-0.05245454545453754,07:30:00
2014-04-15 07:30:00,101.964,101.811,101.90100000000001,101.86200000000001,0.2,USD_CPI,Long term,RANGE,0.013150000000000262,0.056073529411764834,07:30:00
2014-04-30 07:30:00,102.527,102.23700000000001,102.527,102.334,0.1,USD_GDP,Short term,DOWN,0.01144999999999925,-0.06645454545454754,07:30:00
2014-04-30 13:00:00,102.242,102.06200000000001,102.12899999999999,102.199,0.25,USD_IR,Long term,DOWN,0.01290000000000191,-0.03413636363634964,13:00:00
2014-05-01 18:30:00,102.3,102.26,102.29,102.26,3.6,JPY_UNEMP,Long term,RANGE,0.023849999999998775,0.031686602870813645,18:30:00
2014-05-13 07:30:00,102.325,102.103,102.321,102.162,0.1,USD_RETAIL,Short term,DOWN,0.009700000000000842,-0.04249999999998977,07:30:00
2014-05-14 07:30:00,101.891,101.789,101.8,101.87799999999999,0.6,USD_PPI,Long term,DOWN,0.009700000000000842,-0.04645454545453731,07:30:00
2014-05-15 07:30:00,102.08200000000001,101.885,101.885,101.931,0.2,USD_CPI,Long term,DOWN,0.01080000000000041,-0.046545454545466214,07:30:00
2014-05-20 21:45:00,101.38799999999999,101.25,101.34299999999999,101.25299999999999,0.1,JPY_IR,Short term,DOWN,0.012650000000012086,-0.04081818181819585,21:45:00
2014-05-29 07:30:00,101.706,101.495,101.57799999999999,101.677,-1.0,USD_GDP,Short term,UP,0.012250000000000228,0.03604545454545871,07:30:00
2014-05-29 18:30:00,101.743,101.723,101.723,101.736,3.6,JPY_UNEMP,Long term,RANGE,0.007500000000000284,0.031686602870813645,18:30:00
2014-06-12 07:30:00,102.105,101.98200000000001,102.105,102.031,0.3,USD_RETAIL,Long term,UP,0.009350000000000592,0.029818181818185963,07:30:00
2014-06-13 07:30:00,102.03,101.939,102.03,101.97200000000001,-0.2,USD_PPI,Long term,DOWN,0.009350000000000592,-0.03454545454543734,07:30:00
2014-06-17 07:30:00,102.19,101.96,101.962,102.177,0.3,USD_CPI,Short term,DOWN,0.008749999999999147,-0.035499999999984766,07:30:00
2014-06-18 13:00:00,102.345,101.944,102.169,102.169,0.25,USD_IR,Short term,DOWN,0.0069000000000016826,-0.0704545454545098,13:00:00
2014-06-25 07:30:00,101.90899999999999,101.68,101.90899999999999,101.714,-2.9,USD_GDP,Short term,RANGE,0.010649999999998272,0.05357523510971773,07:30:00
2014-06-26 18:30:00,101.662,101.641,101.65799999999999,101.649,3.5,JPY_UNEMP,Long term,DOWN,0.007550000000000523,-0.024863636363647856,18:30:00
2014-07-14 22:00:00,101.64200000000001,101.602,101.605,101.616,0.1,JPY_IR,Long term,RANGE,0.009099999999999399,0.045159090909091086,22:00:00
2014-07-15 07:30:00,101.647,101.56299999999999,101.572,101.647,0.2,USD_RETAIL,Long term,DOWN,0.009099999999999399,-0.030136363636387387,07:30:00
2014-07-16 07:30:00,101.788,101.75200000000001,101.75200000000001,101.75299999999999,0.4,USD_PPI,Long term,DOWN,0.009099999999999399,-0.009818181818204152,07:30:00
2014-07-22 07:30:00,101.601,101.42200000000001,101.56700000000001,101.448,0.1,USD_CPI,Short term,UP,0.009000000000000341,0.034363636363650585,07:30:00
2014-07-28 18:30:00,101.83200000000001,101.819,101.83,101.82600000000001,3.7,JPY_UNEMP,Long term,DOWN,0.00449999999999875,-0.012272727272730322,18:30:00
2014-07-30 07:30:00,102.50299999999999,102.23200000000001,102.236,102.469,4.0,USD_GDP,Short term,UP,0.014500000000001024,0.06168181818183882,07:30:00
2014-07-30 13:00:00,103.079,102.74799999999999,102.825,102.774,0.25,USD_IR,Short term,DOWN,0.014500000000001024,-0.03668181818183314,13:00:00
2014-08-13 07:30:00,102.455,102.258,102.45100000000001,102.31299999999999,0.0,USD_RETAIL,Long term,RANGE,0.009600000000000365,0.05226048951048979,07:30:00
2014-08-15 07:30:00,102.712,102.59700000000001,102.59899999999999,102.661,0.1,USD_PPI,Long term,DOWN,0.014400000000000546,-0.02981818181815754,07:30:00
2014-08-19 07:30:00,102.787,102.619,102.62,102.697,0.1,USD_CPI,Long term,RANGE,0.013149999999990315,0.056073529411764834,07:30:00
2014-08-28 07:30:00,103.884,103.706,103.715,103.75200000000001,4.2,USD_GDP,Long term,UP,0.006800000000001205,0.039500000000003865,07:30:00
2014-08-28 18:30:00,103.696,103.655,103.67299999999999,103.675,3.8,JPY_UNEMP,Long term,DOWN,0.007049999999999557,-0.023909090909043584,18:30:00
2014-09-12 07:30:00,107.352,107.171,107.29899999999999,107.18700000000001,0.6,USD_RETAIL,Short term,UP,0.013850000000000763,0.043136363636364194,07:30:00
2014-09-16 07:30:00,107.146,107.046,107.083,107.104,0.0,USD_PPI,Long term,RANGE,0.011350000000000193,0.04114860139860195,07:30:00
2014-09-17 07:30:00,107.302,107.14299999999999,107.302,107.23299999999999,0.0,USD_CPI,Long term,RANGE,0.023299999999998988,0.056073529411764834,07:30:00
2014-09-17 13:00:00,108.178,107.43700000000001,107.56299999999999,108.02799999999999,0.25,USD_IR,Short term,RANGE,0.019249999999999545,0.06767694805194804,13:00:00
2014-09-25 18:30:00,108.586,108.478,108.537,108.545,3.3,JPY_CPI,Long term,DOWN,0.01564999999999941,-0.05272727272723898,18:30:00
2014-09-26 07:30:00,109.189,109.03299999999999,109.119,109.17200000000001,4.6,USD_GDP,Short term,DOWN,0.01564999999999941,-0.04354545454548031,07:30:00
2014-09-29 18:30:00,109.416,109.381,109.399,109.38600000000001,3.5,JPY_UNEMP,Long term,DOWN,0.012700000000000955,-0.022590909090880018,18:30:00
2014-10-22 07:30:00,107.196,106.973,106.973,107.166,0.1,USD_CPI,Short term,DOWN,0.015199999999998682,-0.04563636363631929,07:30:00
2014-10-29 13:00:00,108.822,108.70700000000001,108.779,108.726,0.25,USD_IR,Short term,RANGE,0.03865000000000123,0.06767694805194804,13:00:00
2014-10-30 07:30:00,109.079,108.959,108.993,109.001,3.5,USD_GDP,Short term,RANGE,0.04140000000000015,0.05357523510971773,07:30:00
2014-10-30 23:45:00,111.001,110.803,110.807,110.87899999999999,0.1,JPY_IR,Long term,UP,0.051300000000000526,0.12704545454545269,23:45:00
2014-11-14 08:30:00,116.637,116.554,116.59700000000001,116.604,0.3,USD_RETAIL,Short term,DOWN,0.03590000000000089,-0.062090909090926516,08:30:00
2014-11-18 08:30:00,116.689,116.556,116.57,116.639,0.2,USD_PPI,Long term,UP,0.01624999999999943,0.0502727272726986,08:30:00
2014-11-20 08:30:00,118.00200000000001,117.73899999999999,117.926,117.98100000000001,0.2,USD_CPI,Short term,RANGE,0.02085000000000008,0.056073529411764834,08:30:00
2014-11-25 08:30:00,118.286,118.039,118.039,118.133,3.9,USD_GDP,Long term,DOWN,0.015899999999999182,-0.045590909090904574,08:30:00
2014-12-11 08:30:00,118.741,118.391,118.391,118.573,0.7,USD_RETAIL,Short term,UP,0.031949999999990555,0.14277272727272816,08:30:00
2014-12-12 08:30:00,118.537,118.274,118.34100000000001,118.431,-0.2,USD_PPI,Long term,UP,0.03245000000000147,0.1166363636364025,08:30:00
2014-12-17 08:30:00,117.154,116.959,117.154,117.094,0.1,USD_CPI,Long term,RANGE,0.06350000000000336,0.056073529411764834,08:30:00
2014-12-17 14:00:00,117.932,117.038,117.22399999999999,117.354,0.25,USD_IR,Short term,UP,0.06350000000000336,0.21090909090908383,14:00:00
2014-12-18 22:30:00,119.081,118.95200000000001,118.95200000000001,119.061,0.1,JPY_IR,Short term,DOWN,0.02265000000001152,-0.0652727272727276,22:30:00
2014-12-23 08:30:00,120.476,120.204,120.26700000000001,120.436,5.0,USD_GDP,Short term,UP,0.013249999999999318,0.0636363636363626,08:30:00
2015-01-14 08:30:00,116.801,116.15299999999999,116.801,116.382,-0.9,USD_RETAIL,Short term,UP,0.028099999999997752,0.09509090909094198,08:30:00
2015-01-15 08:30:00,116.941,116.551,116.555,116.875,-0.3,USD_PPI,Long term,UP,0.028099999999997752,0.1305454545454552,08:30:00
2015-01-16 08:30:00,116.79799999999999,116.32700000000001,116.40299999999999,116.749,0.0,USD_CPI,Long term,UP,0.02815000000000083,0.15204545454547258,08:30:00
2015-01-20 22:30:00,118.235,117.766,117.911,117.916,0.1,JPY_IR,Long term,UP,0.019399999999988895,0.11649999999998784,22:30:00
2015-01-28 14:00:00,117.97399999999999,117.55,117.751,117.63600000000001,0.25,USD_IR,Short term,UP,0.016200000000000613,0.10113636363631429,14:00:00
2015-01-30 08:30:00,117.68700000000001,117.473,117.62299999999999,117.589,2.6,USD_GDP,Long term,UP,0.033599999999987064,0.0713636363636283,08:30:00
2015-02-12 08:30:00,119.70200000000001,119.22,119.70200000000001,119.382,-0.8,USD_RETAIL,Long term,DOWN,0.05,-0.0837272727272449,08:30:00
2015-02-18 08:30:00,119.256,119.165,119.256,119.167,-0.8,USD_PPI,Long term,RANGE,0.034549999999988756,0.04114860139860195,08:30:00
2015-02-26 08:30:00,119.115,118.742,118.84100000000001,119.065,0.2,USD_CPI,Long term,UP,0.013949999999999818,0.06499999999998352,08:30:00
2015-02-27 08:30:00,119.431,119.29700000000001,119.301,119.376,2.2,USD_GDP,Long term,DOWN,0.013950000000012609,-0.03454545454546576,08:30:00
2015-03-12 07:30:00,121.05799999999999,120.655,121.05,121.006,-0.6,USD_RETAIL,Long term,DOWN,0.010500000000000398,-0.09300000000001774,07:30:00
2015-03-13 07:30:00,121.447,121.272,121.447,121.345,-0.5,USD_PPI,Long term,DOWN,0.010399999999989973,-0.0630909090909455,07:30:00
2015-03-18 13:00:00,121.074,120.535,120.93700000000001,120.60799999999999,0.25,USD_IR,Short term,UP,0.018949999999999537,0.13727272727275874,13:00:00
2015-03-24 07:30:00,119.68,119.258,119.34200000000001,119.274,0.2,USD_CPI,Short term,UP,0.012549999999998819,0.11181818181819381,07:30:00
2015-03-26 18:30:00,119.182,119.137,119.178,119.141,3.5,JPY_UNEMP,Long term,UP,0.015000000000000568,0.03445454545455107,18:30:00
2015-03-27 07:30:00,119.2,119.01100000000001,119.2,119.03399999999999,2.2,USD_GDP,Short term,UP,0.015000000000000568,0.049090909090907076,07:30:00
2015-04-17 07:30:00,118.76899999999999,118.70200000000001,118.75,118.71,0.2,USD_CPI,Long term,UP,0.020000000000000285,0.06804545454544098,07:30:00
2015-04-29 07:30:00,119.287,119.219,119.22,119.27,0.2,USD_GDP,Long term,DOWN,0.01955000000000098,-0.07304545454547906,07:30:00
2015-04-29 13:00:00,118.76,118.686,118.705,118.73899999999999,0.25,USD_IR,Long term,DOWN,0.01955000000000098,-0.05672727272724387,13:00:00
2015-04-30 18:30:00,119.48100000000001,119.428,119.443,119.471,3.4,JPY_UNEMP,Long term,RANGE,0.019449999999989132,0.031686602870813645,18:30:00
2015-05-13 07:30:00,119.741,119.705,119.712,119.714,0.0,USD_RETAIL,Long term,RANGE,0.029399999999989747,0.05226048951048979,07:30:00
2015-05-14 07:30:00,119.26100000000001,119.221,119.223,119.24,-0.4,USD_PPI,Long term,RANGE,0.029399999999989747,0.04114860139860195,07:30:00
2015-05-22 07:30:00,120.99700000000001,120.93299999999999,120.96700000000001,120.955,0.3,USD_CPI,Long term,DOWN,0.031449999999999534,-0.07881818181817835,07:30:00
2015-05-29 07:30:00,123.92399999999999,123.854,123.897,123.854,-0.7,USD_GDP,Long term,UP,0.0188500000000019,0.059136363636341116,07:30:00
2015-06-11 07:30:00,123.693,123.632,123.66,123.648,1.2,USD_RETAIL,Long term,RANGE,0.02125000000000057,0.05226048951048979,07:30:00
2015-06-12 07:30:00,123.686,123.632,123.68,123.665,0.5,USD_PPI,Long term,DOWN,0.017999999999999263,-0.05895454545452594,07:30:00
2015-06-17 13:00:00,124.255,124.198,124.21700000000001,124.21799999999999,0.25,USD_IR,Long term,RANGE,0.025200000000000958,0.06767694805194804,13:00:00
2015-06-18 07:30:00,122.686,122.569,122.602,122.678,0.1,USD_CPI,Long term,RANGE,0.025200000000000958,0.056073529411764834,07:30:00
2015-06-24 07:30:00,123.926,123.83,123.921,123.861,-0.2,USD_GDP,Long term,RANGE,0.013900000000001002,0.05357523510971773,07:30:00
2015-07-14 07:30:00,123.383,123.329,123.37100000000001,123.331,-0.3,USD_RETAIL,Long term,DOWN,0.015000000000000568,-0.06540909090908542,07:30:00
2015-07-15 07:30:00,123.54899999999999,123.5,123.541,123.53299999999999,0.4,USD_PPI,Long term,RANGE,0.016850000000002297,0.04114860139860195,07:30:00
2015-07-17 07:30:00,124.055,124.005,124.04,124.006,0.2,USD_CPI,Long term,DOWN,0.007699999999999818,-0.033772727272719294,07:30:00
2015-07-29 13:00:00,123.81299999999999,123.764,123.804,123.794,0.25,USD_IR,Long term,DOWN,0.006700000000000728,-0.07427272727272793,13:00:00
2015-07-30 07:30:00,124.37799999999999,124.336,124.375,124.36200000000001,2.3,USD_GDP,Long term,RANGE,0.025,0.05357523510971773,07:30:00
2015-08-13 07:30:00,124.51299999999999,124.432,124.49,124.444,0.6,USD_RETAIL,Long term,UP,0.014499999999989655,0.054500000000032855,07:30:00
2015-08-14 07:30:00,124.12799999999999,124.059,124.06,124.087,0.2,USD_PPI,Long term,UP,0.012349999999987916,0.04236363636364615,07:30:00
2015-08-19 07:30:00,124.359,124.333,124.353,124.335,0.1,USD_CPI,Long term,RANGE,0.01184999999999974,0.056073529411764834,07:30:00
2015-08-27 07:30:00,120.288,120.17399999999999,120.18700000000001,120.22399999999999,3.7,USD_GDP,Long term,RANGE,0.024499999999999036,0.05357523510971773,07:30:00
2015-09-11 07:30:00,120.693,120.632,120.64,120.691,0.0,USD_PPI,Long term,RANGE,0.01779999999999973,0.04114860139860195,07:30:00
2015-09-15 07:30:00,119.73100000000001,119.63600000000001,119.71600000000001,119.63600000000001,0.2,USD_RETAIL,Long term,UP,0.013799999999997682,0.053181818181812446,07:30:00
2015-09-16 07:30:00,120.575,120.51799999999999,120.56200000000001,120.56,0.1,USD_CPI,Long term,RANGE,0.010950000000001125,0.056073529411764834,07:30:00
2015-09-17 13:00:00,120.964,120.93700000000001,120.941,120.96,0.25,USD_IR,Long term,RANGE,0.02890000000000157,0.06767694805194804,13:00:00
2015-09-24 18:30:00,120.353,120.24799999999999,120.30799999999999,120.304,0.2,JPY_CPI,Long term,DOWN,0.01854999999999052,-0.0512727272727318,18:30:00
2015-09-25 07:30:00,120.98899999999999,120.89399999999999,120.896,120.95,3.9,USD_GDP,Long term,RANGE,0.01854999999999052,0.05357523510971773,07:30:00
2015-10-01 18:30:00,119.829,119.804,119.818,119.82799999999999,3.4,JPY_UNEMP,Long term,RANGE,0.05885000000000105,0.031686602870813645,18:30:00
2015-10-06 22:00:00,120.33,120.265,120.321,120.271,0.1,JPY_IR,Long term,DOWN,0.01430000000000007,-0.09318181818184712,22:00:00
2015-10-15 07:30:00,118.225,118.05799999999999,118.185,118.125,0.2,USD_CPI,Long term,UP,0.026899999999999126,0.0866818181818303,07:30:00
2015-10-28 13:00:00,121.118,120.01899999999999,120.48100000000001,120.865,0.25,USD_IR,Short term,UP,0.02254999999999967,0.1147272727272508,13:00:00
2015-10-29 07:30:00,120.975,120.791,120.93299999999999,120.898,1.5,USD_GDP,Long term,UP,0.02254999999999967,0.04868181818180517,07:30:00
2015-11-17 08:30:00,123.35700000000001,123.2,123.209,123.273,0.2,USD_CPI,Long term,DOWN,0.008899999999989916,-0.049181818181793346,08:30:00
2015-11-24 08:30:00,122.512,122.34899999999999,122.485,122.491,2.1,USD_GDP,Long term,DOWN,0.00974999999999966,-0.05722727272727468,08:30:00
2015-12-15 08:30:00,121.166,120.98700000000001,121.00299999999999,121.166,0.2,USD_CPI,Short term,UP,0.017500000000001136,0.050863636363644105,08:30:00
2015-12-16 14:00:00,122.29700000000001,121.667,121.775,121.92299999999999,0.5,USD_IR,Short term,DOWN,0.023100000000000877,-0.10159090909087354,14:00:00
2015-12-22 08:30:00,121.04299999999999,120.90100000000001,120.949,120.95,2.0,USD_GDP,Long term,DOWN,0.009199999999999875,-0.04749999999999943,08:30:00
2016-01-20 08:30:00,116.81700000000001,116.52600000000001,116.74799999999999,116.635,0.1,USD_CPI,Long term,RANGE,0.03144999999999243,0.056073529411764834,08:30:00
2016-01-27 14:00:00,119.06700000000001,118.583,118.946,118.65299999999999,0.5,USD_IR,Long term,UP,0.012700000000000955,0.09127272727275226,14:00:00
2016-01-29 00:00:00,120.396,119.978,120.03299999999999,120.334,1.3,JPY_CPI,Short term,RANGE,0.12905000000000086,0.03447368421052656,00:00:00
2016-01-29 08:30:00,121.28200000000001,120.949,120.964,121.27799999999999,0.7,USD_GDP,Long term,RANGE,0.12905000000000086,0.05357523510971773,08:30:00
2016-02-12 08:30:00,113.163,112.79,112.79299999999999,112.899,0.2,USD_RETAIL,Long term,RANGE,0.030199999999987882,0.05226048951048979,08:30:00
2016-02-17 08:30:00,114.34,114.156,114.167,114.262,0.1,USD_PPI,Long term,DOWN,0.016500000000013417,-0.05281818181819631,08:30:00
2016-02-19 08:30:00,113.20200000000001,112.96799999999999,113.012,113.04799999999999,0.3,USD_CPI,Long term,DOWN,0.01779999999999973,-0.08804545454549384,08:30:00
2016-02-25 18:30:00,113.023,112.897,112.899,112.978,0.0,JPY_CPI,Short term,UP,0.019050000000002853,0.06500000000001194,18:30:00
2016-02-26 00:00:00,112.861,112.80799999999999,112.82,112.83,1.1,JPY_CPI,Short term,RANGE,0.019050000000002853,0.03447368421052656,00:00:00
2016-02-26 08:30:00,113.36399999999999,113.04299999999999,113.04299999999999,113.306,1.0,USD_GDP,Long term,UP,0.019050000000002853,0.09677272727272168,08:30:00
2016-02-29 18:30:00,112.44,112.368,112.387,112.42399999999999,3.2,JPY_UNEMP,Long term,RANGE,0.03279999999999035,0.031686602870813645,18:30:00
2016-03-16 07:30:00,113.78200000000001,113.575,113.575,113.63799999999999,0.3,USD_CPI,Long term,UP,0.046649999999999636,0.06504545454546928,07:30:00
2016-03-16 13:00:00,113.705,112.84100000000001,113.665,112.90299999999999,0.5,USD_IR,Short term,RANGE,0.046649999999999636,0.06767694805194804,13:00:00
2016-03-24 18:30:00,112.821,112.773,112.77600000000001,112.79899999999999,0.3,JPY_CPI,Long term,UP,0.01644999999998902,0.05999999999998806,18:30:00
2016-03-25 00:00:00,113.156,113.11399999999999,113.134,113.134,1.1,JPY_CPI,Long term,RANGE,0.015449999999988508,0.03447368421052656,00:00:00
2016-03-25 07:30:00,113.09700000000001,112.995,113.008,113.051,1.4,USD_GDP,Long term,RANGE,0.015449999999988508,0.05357523510971773,07:30:00
2016-03-28 18:30:00,113.458,113.44,113.447,113.447,3.3,JPY_UNEMP,Long term,DOWN,0.021350000000002468,-0.03018181818177368,18:30:00
2016-04-14 07:30:00,109.271,109.21799999999999,109.25,109.25200000000001,0.1,USD_CPI,Short term,UP,0.01749999999998977,0.06645454545456175,07:30:00
2016-04-27 13:00:00,111.37200000000001,111.301,111.304,111.33200000000001,0.5,USD_IR,Long term,RANGE,0.1204499999999996,0.06767694805194804,13:00:00
2016-04-27 22:00:00,111.774,111.663,111.765,111.676,-0.1,JPY_IR,Long term,RANGE,0.1204499999999996,0.045159090909091086,22:00:00
2016-04-28 00:00:00,109.38600000000001,109.244,109.382,109.31299999999999,1.1,JPY_CPI,Long term,RANGE,0.1204499999999996,0.03447368421052656,00:00:00
2016-04-28 07:30:00,108.148,107.962,108.009,108.12799999999999,0.5,USD_GDP,Short term,RANGE,0.1204499999999996,0.05357523510971773,07:30:00
2016-05-17 07:30:00,109.492,109.45200000000001,109.476,109.464,0.2,USD_CPI,Long term,RANGE,0.01749999999998977,0.056073529411764834,07:30:00
2016-05-26 18:30:00,109.73299999999999,109.64200000000001,109.729,109.679,-0.3,JPY_CPI,Long term,RANGE,0.028000000000000115,0.03447368421052656,18:30:00
2016-05-27 00:00:00,109.93,109.898,109.90100000000001,109.92,0.9,JPY_CPI,Long term,RANGE,0.015149999999999865,0.03447368421052656,00:00:00
2016-05-27 07:30:00,109.682,109.624,109.63,109.65299999999999,0.8,USD_GDP,Long term,DOWN,0.015149999999999865,-0.037772727272752604,07:30:00
2016-05-30 18:30:00,111.102,111.059,111.07700000000001,111.07600000000001,3.2,JPY_UNEMP,Long term,DOWN,0.015250000000000341,-0.058590909090938226,18:30:00
2016-06-14 07:30:00,105.964,105.887,105.96,105.925,0.5,USD_RETAIL,Long term,UP,0.015050000000002228,0.05513636363635044,07:30:00
2016-06-15 07:30:00,106.273,106.18700000000001,106.24700000000001,106.20100000000001,0.4,USD_PPI,Long term,RANGE,0.03790000000000049,0.04114860139860195,07:30:00
2016-06-15 13:00:00,105.971,105.88799999999999,105.93299999999999,105.92399999999999,0.5,USD_IR,Long term,RANGE,0.03790000000000049,0.06767694805194804,13:00:00
2016-06-15 21:45:00,105.69,105.637,105.681,105.654,-0.1,JPY_IR,Long term,DOWN,0.03790000000000049,-0.12049999999999272,21:45:00
2016-06-16 07:30:00,104.42,104.23899999999999,104.23899999999999,104.363,0.2,USD_CPI,Long term,RANGE,0.03834999999997706,0.056073529411764834,07:30:00
2016-06-28 07:30:00,102.322,102.242,102.275,102.294,1.1,USD_GDP,Short term,UP,0.016200000000011983,0.04136363636365559,07:30:00
2016-06-30 18:30:00,103.26,103.18299999999999,103.186,103.24700000000001,3.2,JPY_UNEMP,Long term,DOWN,0.017499999999999717,-0.05972727272727241,18:30:00
2016-07-01 00:00:00,102.88600000000001,102.822,102.823,102.87299999999999,0.8,JPY_CPI,Long term,RANGE,0.017499999999999717,0.03447368421052656,00:00:00
2016-07-14 07:30:00,105.72200000000001,105.49,105.556,105.669,0.5,USD_PPI,Long term,UP,0.031500000000001194,0.10340909090906791,07:30:00
2016-07-27 13:00:00,105.71600000000001,105.649,105.69200000000001,105.67,0.5,USD_IR,Long term,RANGE,0.049349999999988375,0.06767694805194804,13:00:00
2016-07-28 22:45:00,104.74700000000001,104.448,104.512,104.667,-0.1,JPY_IR,Long term,DOWN,0.07344999999999971,-0.32872727272727786,22:45:00
2016-07-29 00:00:00,103.825,103.22399999999999,103.50399999999999,103.335,0.8,JPY_CPI,Short term,DOWN,0.07344999999999971,-0.24990909090911373,00:00:00
2016-07-29 07:30:00,103.369,103.301,103.315,103.31,1.2,USD_GDP,Long term,RANGE,0.07344999999999971,0.05357523510971773,07:30:00
2016-08-16 07:30:00,99.993,99.887,99.993,99.89200000000001,0.1,USD_CPI,Long term,RANGE,0.02154999999999916,0.056073529411764834,07:30:00
2016-08-25 18:30:00,100.584,100.555,100.56,100.58,-0.4,JPY_CPI,Long term,RANGE,0.025549999999999785,0.03447368421052656,18:30:00
2016-08-26 07:30:00,100.458,100.41799999999999,100.43299999999999,100.421,1.1,USD_GDP,Long term,RANGE,0.025549999999999785,0.05357523510971773,07:30:00
2016-08-29 18:30:00,102.014,101.917,101.935,101.985,3.0,JPY_UNEMP,Long term,DOWN,0.009799999999999899,-0.043136363636392616,18:30:00
2016-09-16 07:30:00,101.883,101.834,101.861,101.87,0.3,USD_CPI,Long term,RANGE,0.017550000000001377,0.056073529411764834,07:30:00
2016-09-21 13:00:00,100.76700000000001,100.678,100.719,100.68799999999999,0.5,USD_IR,Long term,UP,0.025650000000000263,0.12795454545452856,13:00:00
2016-09-29 07:30:00,101.49700000000001,101.45299999999999,101.463,101.477,1.4,USD_GDP,Long term,RANGE,0.025899999999998615,0.05357523510971773,07:30:00
2016-09-30 00:00:00,101.417,101.325,101.382,101.375,0.4,JPY_CPI,Long term,DOWN,0.025899999999998615,-0.057045454545459506,00:00:00
2016-10-18 07:30:00,103.99600000000001,103.955,103.959,103.99600000000001,0.1,USD_CPI,Long term,UP,0.008449999999999137,0.04509090909093061,07:30:00
2016-10-28 00:00:00,105.165,105.14299999999999,105.164,105.15,0.2,JPY_CPI,Long term,RANGE,0.02894999999998902,0.03447368421052656,00:00:00
2016-10-28 07:30:00,105.355,105.311,105.337,105.33200000000001,2.9,USD_GDP,Long term,RANGE,0.02894999999998902,0.05357523510971773,07:30:00
2016-11-02 13:00:00,103.425,103.01799999999999,103.314,103.221,0.5,USD_IR,Long term,DOWN,0.016199999999999194,-0.11331818181820097,13:00:00
2016-11-15 08:30:00,108.685,108.273,108.273,108.64200000000001,0.8,USD_RETAIL,Short term,UP,0.023599999999989053,0.09245454545452958,08:30:00
2016-11-16 08:30:00,109.421,109.223,109.355,109.36200000000001,0.0,USD_PPI,Long term,DOWN,0.023599999999989053,-0.08859090909089673,08:30:00
2016-11-17 08:30:00,109.501,109.102,109.274,109.476,0.1,USD_CPI,Short term,DOWN,0.018700000000002603,-0.14245454545452674,08:30:00
2016-11-25 00:00:00,113.49799999999999,113.4,113.42,113.475,0.3,JPY_CPI,Long term,DOWN,0.025,-0.08486363636362171,00:00:00
2016-11-28 18:30:00,111.844,111.719,111.789,111.74600000000001,3.0,JPY_UNEMP,Long term,DOWN,0.01905000000001138,-0.0624090909090711,18:30:00
2016-11-29 08:30:00,113.335,113.04899999999999,113.065,113.22200000000001,3.2,USD_GDP,Long term,DOWN,0.01905000000001138,-0.08127272727270451,08:30:00
2016-12-14 14:00:00,116.45100000000001,115.301,115.301,116.25,0.75,USD_IR,Short term,DOWN,0.0390500000000003,-0.13013636363635328,14:00:00
2016-12-15 08:30:00,118.07700000000001,117.684,117.993,117.684,0.2,USD_CPI,Long term,UP,0.046200000000001754,0.13059090909091253,08:30:00
2016-12-22 08:30:00,117.851,117.684,117.695,117.811,3.5,USD_GDP,Long term,DOWN,0.01535000000000082,-0.062818181818173,08:30:00
2016-12-26 18:30:00,117.20299999999999,117.15100000000001,117.182,117.191,3.1,JPY_UNEMP,Long term,UP,0.010649999999998272,0.05031818181817016,18:30:00
2016-12-27 00:00:00,117.374,117.32600000000001,117.345,117.35799999999999,0.2,JPY_CPI,Long term,DOWN,0.010849999999999228,-0.05290909090909679,00:00:00
2017-01-18 08:30:00,113.63600000000001,113.37299999999999,113.492,113.50200000000001,0.2,USD_CPI,Long term,RANGE,0.0362000000000009,0.056073529411764834,08:30:00
2017-01-26 18:30:00,114.56200000000001,114.486,114.51799999999999,114.516,0.3,JPY_CPI,Long term,UP,0.02680000000000007,0.07522727272726115,18:30:00
2017-01-27 00:00:00,115.061,114.898,114.917,114.975,0.1,JPY_CPI,Long term,UP,0.02680000000000007,0.05559090909089548,00:00:00
2017-01-27 08:30:00,115.259,114.742,115.133,115.125,1.9,USD_GDP,Short term,DOWN,0.02680000000000007,-0.13599999999999568,08:30:00
2017-01-30 18:30:00,113.833,113.742,113.833,113.77,3.1,JPY_UNEMP,Short term,RANGE,0.03500000000000086,0.031686602870813645,18:30:00
2017-01-30 22:00:00,113.55799999999999,113.24700000000001,113.51,113.32,-0.1,JPY_IR,Short term,RANGE,0.03500000000000086,0.045159090909091086,22:00:00
2017-02-01 14:00:00,113.632,112.97200000000001,113.507,113.459,0.75,USD_IR,Short term,DOWN,0.02930000000000206,-0.13740909090910236,14:00:00
2017-02-14 08:30:00,113.494,113.32,113.352,113.36,0.6,USD_PPI,Long term,UP,0.024250000000000684,0.12690909090909486,08:30:00
2017-02-28 08:30:00,112.23100000000001,112.022,112.23100000000001,112.088,1.9,USD_GDP,Long term,RANGE,0.028050000000014563,0.05357523510971773,08:30:00
2017-03-14 07:30:00,114.925,114.82600000000001,114.829,114.85799999999999,0.3,USD_PPI,Long term,RANGE,0.008650000000000092,0.04114860139860195,07:30:00
2017-03-15 13:00:00,114.609,113.62799999999999,114.565,113.993,1.0,USD_IR,Short term,DOWN,0.03330000000001263,-0.176272727272746,13:00:00
2017-03-30 07:30:00,111.135,111.059,111.098,111.132,2.1,USD_GDP,Long term,UP,0.01454999999999984,0.07418181818181324,07:30:00
2017-04-04 00:00:00,110.572,110.43700000000001,110.565,110.46,0.1,JPY_CPI,Long term,DOWN,0.010649999999999694,-0.09313636363636135,00:00:00
2017-04-13 07:30:00,109.179,109.087,109.09899999999999,109.17299999999999,-0.1,USD_PPI,Long term,UP,0.022749999999989258,0.05054545454544268,07:30:00
2017-04-26 22:15:00,111.24799999999999,111.19,111.245,111.228,-0.1,JPY_IR,Long term,DOWN,0.025949999999998852,-0.07836363636364752,22:15:00
2017-04-28 07:30:00,111.39,111.352,111.369,111.38,0.7,USD_GDP,Long term,UP,0.013649999999999808,0.0642272727272939,07:30:00
2017-05-02 00:00:00,111.90799999999999,111.87299999999999,111.87899999999999,111.905,-0.1,JPY_CPI,Long term,RANGE,0.010549999999987847,0.03447368421052656,00:00:00
2017-05-03 13:00:00,112.40700000000001,112.34899999999999,112.351,112.383,1.0,USD_IR,Long term,RANGE,0.01434999999999036,0.06767694805194804,13:00:00
2017-05-11 07:30:00,114.10600000000001,113.975,114.065,113.99799999999999,0.5,USD_PPI,Short term,RANGE,0.023200000000001355,0.04114860139860195,07:30:00
2017-05-25 18:30:00,111.824,111.755,111.815,111.779,0.4,JPY_CPI,Long term,DOWN,0.010149999999988779,-0.0237727272727426,18:30:00
2017-05-26 07:30:00,111.016,110.959,110.97200000000001,111.001,1.2,USD_GDP,Long term,UP,0.010149999999988779,0.047363636363655814,07:30:00
2017-05-29 18:30:00,111.256,111.194,111.20200000000001,111.255,2.8,JPY_UNEMP,Long term,UP,0.01184999999999974,0.032500000000013074,18:30:00
2017-06-13 07:30:00,110.09,110.055,110.05799999999999,110.06700000000001,0.0,USD_PPI,Long term,RANGE,0.036050000000000186,0.04114860139860195,07:30:00
2017-06-14 13:00:00,109.17299999999999,109.06700000000001,109.087,109.171,1.25,USD_IR,Short term,RANGE,0.04435000000000003,0.06767694805194804,13:00:00
2017-06-15 21:00:00,111.07799999999999,111.02799999999999,111.07799999999999,111.04,-0.1,JPY_IR,Long term,RANGE,0.026399999999978264,0.045159090909091086,21:00:00
2017-06-29 07:30:00,112.735,112.64200000000001,112.675,112.725,1.4,USD_GDP,Long term,DOWN,0.015099999999989677,-0.05654545454545712,07:30:00
2017-07-04 00:00:00,113.22200000000001,113.17299999999999,113.195,113.199,0.3,JPY_CPI,Long term,DOWN,0.012300000000000467,-0.044999999999987494,00:00:00
2017-07-13 07:30:00,113.189,113.06700000000001,113.07,113.14200000000001,0.1,USD_PPI,Long term,RANGE,0.032599999999999345,0.04114860139860195,07:30:00
2017-07-26 13:00:00,112.154,112.04899999999999,112.15100000000001,112.075,1.25,USD_IR,Long term,DOWN,0.026299999999990577,-0.07836363636364752,13:00:00
2017-07-28 07:30:00,111.27600000000001,111.234,111.26799999999999,111.238,2.6,USD_GDP,Long term,DOWN,0.01905000000000001,-0.06645454545454754,07:30:00
2017-08-01 00:00:00,110.20100000000001,110.14,110.182,110.2,0.3,JPY_CPI,Long term,RANGE,0.017349999999987632,0.03447368421052656,00:00:00
2017-08-10 07:30:00,109.85700000000001,109.81299999999999,109.835,109.837,-0.1,USD_PPI,Long term,DOWN,0.012100000000000933,-0.047818181818186645,07:30:00
2017-08-11 07:30:00,109.152,109.066,109.12899999999999,109.085,0.1,USD_CPI,Long term,UP,0.018099999999999738,0.09531818181818608,07:30:00
2017-08-15 07:30:00,110.431,110.37299999999999,110.40299999999999,110.43,0.6,USD_RETAIL,Long term,RANGE,0.02340000000000089,0.05226048951048979,07:30:00
2017-08-24 18:30:00,109.566,109.544,109.552,109.559,0.4,JPY_CPI,Long term,RANGE,0.02680000000000007,0.03447368421052656,18:30:00
2017-08-28 18:30:00,108.552,108.385,108.397,108.48,2.8,JPY_UNEMP,Long term,UP,0.019999999999990338,0.10409090909088548,18:30:00
2017-08-29 00:00:00,108.824,108.802,108.824,108.809,0.4,JPY_CPI,Long term,RANGE,0.019999999999990338,0.03447368421052656,00:00:00
2017-08-30 07:30:00,110.007,109.928,109.93,109.98299999999999,3.0,USD_GDP,Long term,UP,0.013000000000000967,0.05686363636363012,07:30:00
2017-09-13 07:30:00,110.084,110.03299999999999,110.053,110.06,0.2,USD_PPI,Long term,DOWN,0.012599999999999056,-0.041227272727240916,07:30:00
2017-09-14 07:30:00,110.685,110.62799999999999,110.637,110.655,0.2,USD_CPI,Long term,RANGE,0.022450000000000615,0.056073529411764834,07:30:00
2017-09-15 07:30:00,111.295,111.20700000000001,111.221,111.26899999999999,-0.2,USD_RETAIL,Long term,DOWN,0.022450000000000615,-0.06845454545454288,07:30:00
2017-09-20 13:00:00,111.434,111.37,111.39,111.428,1.25,USD_IR,Long term,RANGE,0.03584999999999923,0.06767694805194804,13:00:00
2017-09-20 22:00:00,112.555,112.471,112.49,112.51899999999999,-0.1,JPY_IR,Long term,RANGE,0.03584999999999923,0.045159090909091086,22:00:00
2017-09-28 07:30:00,112.725,112.678,112.68299999999999,112.70700000000001,3.1,USD_GDP,Long term,DOWN,0.01670000000000016,-0.04904545454544973,07:30:00
2017-10-12 07:30:00,112.265,112.214,112.258,112.24600000000001,0.4,USD_PPI,Long term,RANGE,0.022400000000001797,0.04114860139860195,07:30:00
2017-10-26 18:30:00,114.081,114.045,114.079,114.052,0.7,JPY_CPI,Long term,RANGE,0.0146000000000015,0.03447368421052656,18:30:00
2017-10-27 07:30:00,114.178,114.125,114.125,114.166,3.0,USD_GDP,Long term,DOWN,0.0146000000000015,-0.05886363636362546,07:30:00
2017-10-30 18:30:00,113.147,113.09,113.137,113.109,2.8,JPY_UNEMP,Long term,UP,0.012250000000000228,0.03486363636365297,18:30:00
2017-10-31 00:00:00,113.191,113.08,113.189,113.086,0.5,JPY_CPI,Long term,DOWN,0.012250000000000228,-0.05209090909090719,00:00:00
2017-11-01 13:00:00,114.08,113.749,113.90899999999999,114.027,1.25,USD_IR,Short term,RANGE,0.02295000000000016,0.06767694805194804,13:00:00
2017-11-14 08:30:00,113.588,113.448,113.50200000000001,113.46,0.4,USD_PPI,Long term,DOWN,0.012299999999999046,-0.055545454545452344,08:30:00
2017-11-29 08:30:00,112.064,111.90799999999999,111.97,111.914,3.3,USD_GDP,Long term,UP,0.017550000000002796,0.07204545454546007,08:30:00
2017-12-05 00:00:00,112.631,112.556,112.586,112.625,0.5,JPY_CPI,Long term,RANGE,0.01334999999998985,0.03447368421052656,00:00:00
2017-12-12 08:30:00,113.54299999999999,113.462,113.484,113.47,0.4,USD_PPI,Long term,RANGE,0.0167500000000004,0.04114860139860195,08:30:00
2017-12-13 08:30:00,113.34200000000001,112.95700000000001,113.324,112.98899999999999,0.1,USD_CPI,Short term,RANGE,0.01700000000000017,0.056073529411764834,08:30:00
2017-12-13 14:00:00,113.14299999999999,112.648,112.863,112.79299999999999,1.5,USD_IR,Long term,DOWN,0.01700000000000017,-0.0895909090909015,14:00:00
2017-12-14 08:30:00,112.82,112.595,112.595,112.762,0.8,USD_RETAIL,Long term,DOWN,0.01744999999998953,-0.06740909090908076,08:30:00
2017-12-20 22:00:00,113.43799999999999,113.385,113.426,113.39299999999999,-0.1,JPY_IR,Long term,UP,0.006950000000000501,0.021590909090932087,22:00:00
2017-12-21 08:30:00,113.564,113.398,113.523,113.415,3.2,USD_GDP,Short term,UP,0.006950000000000501,0.03709090909092083,08:30:00
2018-01-11 08:30:00,111.62700000000001,111.391,111.62700000000001,111.48299999999999,-0.1,USD_PPI,Long term,DOWN,0.023449999999999707,-0.06463636363636738,08:30:00
2018-01-22 22:15:00,110.819,110.54700000000001,110.803,110.709,-0.1,JPY_IR,Long term,UP,0.017549999999999955,0.05272727272731004,22:15:00
2018-01-25 18:30:00,109.613,109.51799999999999,109.53299999999999,109.596,1.0,JPY_CPI,Short term,UP,0.03680000000000092,0.07395454545456914,18:30:00
2018-01-26 08:30:00,109.333,109.12100000000001,109.32799999999999,109.23200000000001,2.6,USD_GDP,Long term,RANGE,0.03680000000000092,0.05357523510971773,08:30:00
2018-01-29 18:30:00,108.98299999999999,108.93299999999999,108.943,108.96600000000001,2.8,JPY_UNEMP,Long term,DOWN,0.014500000000001024,-0.06213636363635544,18:30:00
2018-01-30 00:00:00,108.84299999999999,108.758,108.758,108.824,0.7,JPY_CPI,Long term,DOWN,0.014500000000001024,-0.05068181818182893,00:00:00
2018-01-31 14:00:00,109.411,108.98200000000001,109.209,109.384,1.5,USD_IR,Long term,DOWN,0.011400000000001853,-0.09559090909091594,14:00:00
2018-02-15 09:30:00,106.536,106.361,106.508,106.37299999999999,0.4,USD_PPI,Short term,RANGE,0.02539999999999907,0.04114860139860195,09:30:00
2018-02-22 19:30:00,106.95299999999999,106.85600000000001,106.863,106.94200000000001,1.4,JPY_CPI,Long term,RANGE,0.01869999999999834,0.03447368421052656,19:30:00
2018-02-27 01:00:00,106.932,106.861,106.87200000000001,106.91,0.8,JPY_CPI,Long term,RANGE,0.016599999999989734,0.03447368421052656,01:00:00
2018-02-28 09:30:00,107.057,106.961,107.038,107.005,2.5,USD_GDP,Long term,UP,0.016150000000000376,0.05040909090908485,09:30:00
2018-03-01 19:30:00,106.285,106.16799999999999,106.234,106.258,2.4,JPY_UNEMP,Long term,DOWN,0.016900000000001116,-0.045727272727290824,19:30:00
2018-03-09 01:00:00,106.725,106.62299999999999,106.63799999999999,106.723,-0.1,JPY_IR,Short term,RANGE,0.016749999999998978,0.045159090909091086,01:00:00
2018-03-13 08:30:00,106.944,106.861,106.92399999999999,106.912,0.2,USD_CPI,Long term,RANGE,0.019650000000002877,0.056073529411764834,08:30:00
2018-03-21 14:00:00,106.196,105.948,106.111,106.06700000000001,1.75,USD_IR,Long term,DOWN,0.01979999999999791,-0.06595454545454515,14:00:00
2018-03-27 01:00:00,105.635,105.602,105.626,105.631,0.8,JPY_CPI,Long term,UP,0.00934999999999917,0.022545454545479515,01:00:00
2018-03-28 08:30:00,106.34200000000001,106.15799999999999,106.26899999999999,106.15899999999999,2.9,USD_GDP,Short term,DOWN,0.012949999999999308,-0.05677272727272964,08:30:00
2018-03-29 19:30:00,106.464,106.429,106.456,106.447,2.5,JPY_UNEMP,Long term,DOWN,0.007699999999999818,-0.0419090909090869,19:30:00
2018-04-10 08:30:00,107.155,107.02,107.024,107.12899999999999,0.3,USD_PPI,Short term,DOWN,0.013450000000000274,-0.04613636363637852,08:30:00
2018-04-11 08:30:00,106.79700000000001,106.677,106.765,106.74799999999999,0.2,USD_CPI,Long term,UP,0.010599999999999455,0.03663636363636158,08:30:00
2018-04-16 08:30:00,107.37700000000001,107.26799999999999,107.36200000000001,107.294,0.6,USD_RETAIL,Long term,RANGE,0.08625000000000115,0.05226048951048979,08:30:00
2018-04-24 01:00:00,108.811,108.765,108.811,108.785,0.7,JPY_CPI,Long term,RANGE,0.010349999999999682,0.03447368421052656,01:00:00
2018-04-26 19:30:00,109.33,109.29899999999999,109.32,109.318,2.5,JPY_UNEMP,Long term,DOWN,0.00974999999999966,-0.03209090909091117,19:30:00
2018-04-26 23:00:00,109.241,109.156,109.15700000000001,109.223,-0.1,JPY_IR,Long term,DOWN,0.00974999999999966,-0.02890909090909588,23:00:00
2018-04-27 08:30:00,109.535,109.316,109.324,109.45299999999999,2.3,USD_GDP,Long term,DOWN,0.00974999999999966,-0.045681818181805056,08:30:00
2018-05-02 14:00:00,109.92,109.59299999999999,109.855,109.616,1.75,USD_IR,Short term,DOWN,0.011350000000001616,-0.05522727272727934,14:00:00
2018-05-09 08:30:00,109.686,109.564,109.656,109.676,0.1,USD_PPI,Long term,RANGE,0.017149999999999468,0.04114860139860195,08:30:00
2018-05-10 08:30:00,109.59899999999999,109.311,109.575,109.488,0.1,USD_CPI,Long term,DOWN,0.014749999999997954,-0.07595454545452185,08:30:00
2018-05-15 08:30:00,110.301,109.99799999999999,110.03200000000001,110.25200000000001,0.3,USD_RETAIL,Short term,UP,0.008449999999997715,0.057772727272734414,08:30:00
2018-05-22 01:00:00,110.955,110.936,110.93700000000001,110.95299999999999,0.5,JPY_CPI,Long term,RANGE,0.014050000000000297,0.03447368421052656,01:00:00
2018-05-28 19:30:00,109.456,109.383,109.449,109.39399999999999,2.5,JPY_UNEMP,Long term,RANGE,0.02020000000000266,0.031686602870813645,19:30:00
2018-05-30 08:30:00,108.925,108.75299999999999,108.915,108.84100000000001,2.2,USD_GDP,Long term,UP,0.02020000000000266,0.04868181818183359,08:30:00
2018-06-12 08:30:00,110.39200000000001,110.26299999999999,110.369,110.26700000000001,0.2,USD_CPI,Long term,DOWN,0.011050000000000183,-0.0344999999999942,08:30:00
2018-06-13 08:30:00,110.546,110.507,110.507,110.54299999999999,0.5,USD_PPI,Short term,RANGE,0.017349999999999,0.04114860139860195,08:30:00
2018-06-13 14:00:00,110.777,110.42200000000001,110.42200000000001,110.712,2.0,USD_IR,Long term,DOWN,0.017349999999999,-0.05913636363638375,14:00:00
2018-06-14 08:30:00,110.225,110.125,110.125,110.165,0.8,USD_RETAIL,Long term,UP,0.017800000000001148,0.04159090909092811,08:30:00
2018-06-14 23:00:00,110.72,110.649,110.69200000000001,110.698,-0.1,JPY_IR,Long term,DOWN,0.012600000000026057,-0.040454545454551294,23:00:00
2018-06-26 01:00:00,109.57799999999999,109.454,109.454,109.55799999999999,0.5,JPY_CPI,Long term,UP,0.019850000000000992,0.035409090909084284,01:00:00
2018-06-28 08:30:00,110.22,110.06,110.22,110.065,2.0,USD_GDP,Short term,UP,0.014200000000012382,0.045227272727274226,08:30:00
2018-06-28 19:30:00,110.48200000000001,110.426,110.46600000000001,110.45200000000001,2.2,JPY_UNEMP,Short term,DOWN,0.011299999999998533,-0.045500000000018304,19:30:00
2018-07-11 08:30:00,111.305,111.2,111.20700000000001,111.21,0.3,USD_PPI,Long term,DOWN,0.015150000000001286,-0.049090909090878654,08:30:00
2018-07-12 08:30:00,112.57700000000001,112.385,112.47,112.406,0.2,USD_CPI,Long term,RANGE,0.014850000000002694,0.056073529411764834,08:30:00
2018-07-16 08:30:00,112.427,112.26700000000001,112.295,112.368,0.5,USD_RETAIL,Long term,RANGE,0.0605000000000004,0.05226048951048979,08:30:00
2018-07-24 01:00:00,111.34100000000001,111.289,111.34100000000001,111.296,0.4,JPY_CPI,Long term,DOWN,0.01010000000000133,-0.0363636363636175,01:00:00
2018-07-27 08:30:00,111.206,110.956,111.196,111.08200000000001,4.1,USD_GDP,Short term,DOWN,0.010750000000001592,-0.0461363636363501,08:30:00
2018-07-30 19:30:00,111.044,111.0,111.038,111.02,2.4,JPY_UNEMP,Long term,RANGE,0.01990000000000123,0.031686602870813645,19:30:00
2018-08-01 14:00:00,111.71,111.469,111.65899999999999,111.495,2.0,USD_IR,Short term,DOWN,0.010000000000000854,-0.05522727272727934,14:00:00
2018-08-09 08:30:00,111.066,111.014,111.06200000000001,111.04700000000001,0.0,USD_PPI,Short term,UP,0.01629999999999825,0.03159090909089457,08:30:00
2018-08-10 08:30:00,111.087,110.86200000000001,110.89,111.07799999999999,0.2,USD_CPI,Long term,RANGE,0.03299999999999983,0.056073529411764834,08:30:00
2018-08-15 08:30:00,111.061,110.887,110.99700000000001,110.887,0.5,USD_RETAIL,Short term,RANGE,0.016649999999999922,0.05226048951048979,08:30:00
2018-08-28 01:00:00,111.238,111.19,111.226,111.221,0.5,JPY_CPI,Long term,RANGE,0.006949999999999079,0.03447368421052656,01:00:00
2018-08-29 08:30:00,111.335,111.251,111.25299999999999,111.322,4.2,USD_GDP,Short term,DOWN,0.012999999999989598,-0.022863636363638307,08:30:00
2018-08-30 19:30:00,111.025,110.985,111.01799999999999,111.025,2.5,JPY_UNEMP,Long term,RANGE,0.014849999999989906,0.031686602870813645,19:30:00
2018-09-12 07:30:00,111.51899999999999,111.473,111.49799999999999,111.48899999999999,-0.1,USD_PPI,Long term,RANGE,0.011099999999989053,0.04114860139860195,07:30:00
2018-09-13 07:30:00,111.56299999999999,111.536,111.552,111.553,0.1,USD_CPI,Long term,DOWN,0.011350000000000193,-0.042909090909105885,07:30:00
2018-09-14 07:30:00,111.905,111.866,111.867,111.905,0.1,USD_RETAIL,Long term,DOWN,0.011350000000000193,-0.03659090909090423,07:30:00
2018-09-18 22:00:00,112.329,112.292,112.32700000000001,112.31200000000001,-0.1,JPY_IR,Long term,RANGE,0.014150000000000773,0.045159090909091086,22:00:00
2018-09-26 00:00:00,112.95200000000001,112.929,112.949,112.95200000000001,0.5,JPY_CPI,Long term,DOWN,0.012449999999999762,-0.02763636363638966,00:00:00
2018-09-26 13:00:00,112.93299999999999,112.90299999999999,112.92,112.91799999999999,2.25,USD_IR,Long term,RANGE,0.012449999999999762,0.06767694805194804,13:00:00
2018-09-27 07:30:00,112.84,112.801,112.816,112.833,4.2,USD_GDP,Long term,UP,0.012449999999999762,0.025227272727263994,07:30:00
2018-09-27 18:30:00,113.40299999999999,113.375,113.4,113.396,2.4,JPY_UNEMP,Long term,RANGE,0.008750000000000568,0.031686602870813645,18:30:00
2018-10-10 07:30:00,113.25299999999999,113.208,113.25299999999999,113.215,0.2,USD_PPI,Short term,RANGE,0.01424999999999983,0.04114860139860195,07:30:00
2018-10-11 07:30:00,112.26,112.18799999999999,112.24799999999999,112.24799999999999,0.1,USD_CPI,Short term,DOWN,0.01424999999999983,-0.037272727272736006,07:30:00
2018-10-15 07:30:00,111.87700000000001,111.819,111.84700000000001,111.867,0.1,USD_RETAIL,Long term,DOWN,0.008599999999988483,-0.03413636363634964,07:30:00
2018-10-23 00:00:00,112.575,112.52,112.575,112.52799999999999,0.5,JPY_CPI,Long term,UP,0.010149999999998728,0.027772727272733277,00:00:00
2018-10-26 07:30:00,112.07,112.007,112.056,112.029,3.5,USD_GDP,Long term,UP,0.015850000000000364,0.03936363636366025,07:30:00
2018-10-29 18:30:00,112.37899999999999,112.35700000000001,112.36,112.36200000000001,2.3,JPY_UNEMP,Long term,UP,0.009999999999999433,0.03718181818182131,18:30:00
2018-10-30 22:00:00,113.193,113.13,113.137,113.185,-0.1,JPY_IR,Long term,UP,0.01319999999999908,0.020545454545441544,22:00:00
2018-11-08 14:00:00,113.99,113.786,113.883,113.99,2.25,USD_IR,Long term,UP,0.008150000000000546,0.0272727272727451,14:00:00
2018-11-09 08:30:00,113.98299999999999,113.897,113.915,113.92200000000001,0.6,USD_PPI,Long term,DOWN,0.006449999999999534,-0.033318181818202675,08:30:00
2018-11-14 08:30:00,113.97200000000001,113.853,113.899,113.947,0.2,USD_CPI,Long term,DOWN,0.011600000000001387,-0.04331818181817937,08:30:00
2018-11-15 08:30:00,113.4,113.26899999999999,113.355,113.301,0.8,USD_RETAIL,Long term,DOWN,0.012300000000000467,-0.04040909090910816,08:30:00
2018-11-27 00:00:00,113.51,113.48100000000001,113.495,113.49799999999999,0.6,JPY_CPI,Long term,RANGE,0.009799999999999899,0.03447368421052656,00:00:00
2018-11-28 08:30:00,113.85600000000001,113.816,113.84100000000001,113.833,3.5,USD_GDP,Long term,RANGE,0.020599999999998887,0.05357523510971773,08:30:00
2018-11-29 18:30:00,113.415,113.396,113.396,113.412,2.4,JPY_UNEMP,Short term,RANGE,0.01349999999999909,0.031686602870813645,18:30:00
2018-12-11 08:30:00,113.258,113.12899999999999,113.137,113.205,0.1,USD_PPI,Long term,UP,0.010150000000000148,0.04563636363636192,08:30:00
2018-12-12 08:30:00,113.415,113.294,113.363,113.339,0.2,USD_CPI,Long term,UP,0.00910000000000082,0.04181818181818642,08:30:00
2018-12-14 08:30:00,113.648,113.55799999999999,113.55799999999999,113.62100000000001,0.2,USD_RETAIL,Long term,DOWN,0.007349999999999569,-0.02045454545451264,08:30:00
2018-12-19 14:00:00,112.434,112.15899999999999,112.21799999999999,112.255,2.5,USD_IR,Short term,UP,0.013750000000001705,0.09859090909090185,14:00:00
2018-12-19 22:00:00,112.51100000000001,112.405,112.48200000000001,112.431,-0.1,JPY_IR,Long term,DOWN,0.013750000000001705,-0.04690909090911077,22:00:00
2018-12-21 08:30:00,111.25299999999999,111.196,111.243,111.20299999999999,3.4,USD_GDP,Long term,DOWN,0.017449999999999476,-0.03518181818179755,08:30:00
2018-12-26 00:00:00,110.382,110.32,110.382,110.348,0.5,JPY_CPI,Short term,RANGE,0.020050000000000526,0.03447368421052656,00:00:00
2018-12-27 18:30:00,110.89200000000001,110.829,110.884,110.83,2.5,JPY_UNEMP,Short term,UP,0.011549999999999727,0.03681818181816254,18:30:00
2019-01-11 08:30:00,108.361,108.14299999999999,108.304,108.18,0.2,USD_CPI,Long term,UP,0.01599999999999966,0.07109090909089844,08:30:00
2019-01-15 08:30:00,108.56200000000001,108.354,108.56200000000001,108.406,-0.2,USD_PPI,Long term,UP,0.010649999999989746,0.05272727272731004,08:30:00
2019-01-17 18:30:00,109.131,109.09299999999999,109.12700000000001,109.094,0.7,JPY_CPI,Long term,UP,0.01740000000000066,0.03940909090908917,18:30:00
2019-01-22 22:00:00,109.794,109.62200000000001,109.631,109.73700000000001,-0.1,JPY_IR,Long term,DOWN,0.008400000000000319,-0.03449999999997999,22:00:00
2019-01-24 18:30:00,109.54899999999999,109.524,109.539,109.54700000000001,1.1,JPY_CPI,Short term,UP,0.011750000000000684,0.033045454545430175,18:30:00
2019-01-30 14:00:00,109.536,109.21600000000001,109.531,109.256,2.5,USD_IR,Short term,DOWN,0.022149999999999184,-0.06927272727270406,14:00:00
2019-01-31 18:30:00,108.87200000000001,108.852,108.867,108.85799999999999,2.4,JPY_UNEMP,Long term,RANGE,0.016499999999999206,0.031686602870813645,18:30:00
2019-02-13 09:30:00,110.865,110.79,110.836,110.801,0.2,USD_CPI,Long term,RANGE,0.020349999999999115,0.056073529411764834,09:30:00
2019-02-21 19:30:00,110.705,110.63600000000001,110.63600000000001,110.693,0.8,JPY_CPI,Long term,DOWN,0.008750000000000568,-0.04354545454548031,19:30:00
2019-02-26 01:00:00,110.831,110.774,110.785,110.79799999999999,0.5,JPY_CPI,Long term,DOWN,0.009600000000000365,-0.026727272727271156,01:00:00
2019-02-28 09:30:00,111.182,111.071,111.07600000000001,111.181,2.6,USD_GDP,Long term,UP,0.015900000000002024,0.04318181818179312,09:30:00
2019-03-11 08:30:00,111.09100000000001,111.02799999999999,111.02799999999999,111.05,0.2,USD_RETAIL,Long term,RANGE,0.061099999999999,0.05226048951048979,08:30:00
2019-03-12 08:30:00,111.197,111.12200000000001,111.12799999999999,111.169,0.1,USD_CPI,Long term,DOWN,0.009649999999999182,-0.02890909090909588,08:30:00
2019-03-13 08:30:00,111.355,111.318,111.34200000000001,111.337,0.1,USD_PPI,Long term,RANGE,0.009649999999999182,0.04114860139860195,08:30:00
2019-03-14 23:00:00,111.68,111.632,111.647,111.678,-0.1,JPY_IR,Long term,DOWN,0.008249999999999603,-0.04622727272726479,23:00:00
2019-03-20 14:00:00,110.666,110.535,110.602,110.615,2.5,USD_IR,Short term,RANGE,0.03540000000000134,0.06767694805194804,14:00:00
2019-03-21 19:30:00,110.853,110.78399999999999,110.845,110.796,0.7,JPY_CPI,Long term,DOWN,0.013700000000000045,-0.03831818181819813,19:30:00
2019-03-28 08:30:00,110.831,110.61399999999999,110.671,110.82799999999999,2.2,USD_GDP,Short term,DOWN,0.013750000000000285,-0.06695454545454993,08:30:00
2019-04-01 08:30:00,110.985,110.807,110.985,110.87100000000001,-0.2,USD_RETAIL,Long term,RANGE,0.02684999999999889,0.05226048951048979,08:30:00
2019-04-10 08:30:00,111.279,111.10799999999999,111.156,111.178,0.1,USD_CPI,Long term,DOWN,0.00904999999999916,-0.024590909090875357,08:30:00
2019-04-11 08:30:00,111.333,111.23299999999999,111.23299999999999,111.306,0.6,USD_PPI,Short term,UP,0.00729999999999933,0.036681818181804715,08:30:00
2019-04-18 08:30:00,112.025,111.88,111.88,111.97200000000001,1.6,USD_RETAIL,Long term,DOWN,0.004250000000000398,-0.02200000000000557,08:30:00
2019-04-18 19:30:00,111.99600000000001,111.971,111.973,111.99600000000001,0.8,JPY_CPI,Long term,RANGE,0.0059499999999985675,0.03447368421052656,19:30:00
2019-04-23 01:00:00,111.87,111.848,111.865,111.854,0.5,JPY_CPI,Long term,UP,0.011750000000000684,0.017136363636367946,01:00:00
2019-04-24 23:00:00,111.969,111.92399999999999,111.964,111.928,-0.1,JPY_IR,Long term,UP,0.013450000000000274,0.029136363636396823,23:00:00
2019-04-26 08:30:00,112.024,111.619,111.777,111.62700000000001,3.2,USD_GDP,Short term,DOWN,0.011199999999999478,-0.039136363636345095,08:30:00
2019-05-01 14:00:00,111.24700000000001,111.074,111.131,111.118,2.5,USD_IR,Short term,RANGE,0.026000000000000512,0.06767694805194804,14:00:00
2019-05-09 08:30:00,109.831,109.779,109.816,109.79899999999999,0.2,USD_PPI,Long term,UP,0.008250000000001024,0.03736363636366491,08:30:00
2019-05-10 08:30:00,109.74799999999999,109.625,109.71700000000001,109.664,0.1,USD_CPI,Long term,RANGE,0.018800000000001663,0.056073529411764834,08:30:00
2019-05-15 08:30:00,109.29899999999999,109.176,109.286,109.18299999999999,-0.2,USD_RETAIL,Long term,RANGE,0.014949999999998909,0.05226048951048979,08:30:00
2019-05-23 19:30:00,109.53399999999999,109.492,109.529,109.53299999999999,0.9,JPY_CPI,Long term,UP,0.012800000000000013,0.0313181818181647,19:30:00
2019-05-30 08:30:00,109.71600000000001,109.661,109.713,109.70100000000001,3.1,USD_GDP,Long term,DOWN,0.011499999999998067,-0.030318181818145717,08:30:00
2019-06-11 07:30:00,108.729,108.705,108.714,108.729,0.1,USD_PPI,Long term,DOWN,0.007649999999988211,-0.023727272727256832,07:30:00
2019-06-12 07:30:00,108.39,108.344,108.35600000000001,108.35700000000001,0.1,USD_CPI,Long term,UP,0.010399999999989973,0.03736363636363649,07:30:00
2019-06-14 07:30:00,108.23100000000001,108.193,108.229,108.20100000000001,0.5,USD_RETAIL,Long term,RANGE,0.013399999999998614,0.05226048951048979,07:30:00
2019-06-19 13:00:00,108.361,108.307,108.355,108.324,2.5,USD_IR,Long term,RANGE,0.016500000000000625,0.06767694805194804,13:00:00
2019-06-19 22:00:00,107.73200000000001,107.65,107.65299999999999,107.712,-0.1,JPY_IR,Long term,RANGE,0.016500000000000625,0.045159090909091086,22:00:00
2019-06-20 18:30:00,107.336,107.31299999999999,107.33,107.325,0.8,JPY_CPI,Long term,RANGE,0.01430000000000007,0.03447368421052656,18:30:00
2019-06-25 00:00:00,106.978,106.911,106.944,106.928,0.7,JPY_CPI,Short term,DOWN,0.016949999999999934,-0.045727272727290824,00:00:00
2019-06-27 07:30:00,107.848,107.78399999999999,107.84299999999999,107.815,3.1,USD_GDP,Long term,UP,0.011599999999999966,0.03172727272729503,07:30:00
2019-07-11 07:30:00,108.146,108.111,108.12799999999999,108.12100000000001,0.3,USD_CPI,Long term,RANGE,0.02019999999999982,0.056073529411764834,07:30:00
2019-07-12 07:30:00,108.321,108.251,108.31700000000001,108.26100000000001,0.1,USD_PPI,Long term,DOWN,0.009399999999999409,-0.02540909090909338,07:30:00
2019-07-16 07:30:00,107.964,107.92299999999999,107.962,107.93299999999999,0.4,USD_RETAIL,Long term,RANGE,0.0125,0.05226048951048979,07:30:00
2019-07-18 18:30:00,107.54299999999999,107.43799999999999,107.514,107.522,0.6,JPY_CPI,Long term,DOWN,0.012250000000000228,-0.044863636363629666,18:30:00
2019-07-23 00:00:00,108.08,108.036,108.046,108.071,0.6,JPY_CPI,Long term,UP,0.00805000000000007,0.018681818181804033,00:00:00
2019-07-25 18:30:00,108.66,108.633,108.65100000000001,108.633,0.9,JPY_CPI,Short term,RANGE,0.010950000000002548,0.03447368421052656,18:30:00
2019-07-26 07:30:00,108.664,108.655,108.662,108.656,2.1,USD_GDP,Long term,UP,0.010950000000002548,0.030772727272761813,07:30:00
2019-07-29 18:30:00,108.821,108.804,108.814,108.81299999999999,2.3,JPY_UNEMP,Long term,DOWN,0.008700000000001751,-0.02845454545453663,18:30:00
2019-07-29 22:00:00,108.821,108.788,108.804,108.792,-0.1,JPY_IR,Long term,DOWN,0.008700000000001751,-0.03245454545456994,22:00:00
2019-07-31 13:00:00,108.59299999999999,108.569,108.59,108.57,2.25,USD_IR,Long term,RANGE,0.026500000000000058,0.06767694805194804,13:00:00
2019-08-09 07:30:00,105.75399999999999,105.656,105.73299999999999,105.72200000000001,0.2,USD_PPI,Short term,UP,0.015699999999999648,0.03545454545452742,07:30:00
2019-08-13 07:30:00,105.198,105.118,105.15700000000001,105.19200000000001,0.3,USD_CPI,Long term,RANGE,0.06520000000000152,0.056073529411764834,07:30:00
2019-08-15 07:30:00,106.24,105.96,106.24,106.056,0.7,USD_RETAIL,Short term,RANGE,0.02430000000000092,0.05226048951048979,07:30:00
2019-08-22 18:30:00,106.439,106.414,106.425,106.436,0.6,JPY_CPI,Long term,RANGE,0.04180000000000064,0.03447368421052656,18:30:00
2019-08-29 07:30:00,106.28200000000001,106.219,106.277,106.235,2.0,USD_GDP,Long term,UP,0.011199999999999478,0.0420000000000158,07:30:00
2019-09-11 07:30:00,107.70100000000001,107.678,107.697,107.697,0.1,USD_PPI,Long term,UP,0.008749999999999147,0.021227272727259106,07:30:00
2019-09-12 07:30:00,107.889,107.79700000000001,107.863,107.802,0.3,USD_CPI,Long term,DOWN,0.011350000000000193,-0.04809090909093072,07:30:00
2019-09-13 07:30:00,107.99799999999999,107.975,107.98100000000001,107.988,0.4,USD_RETAIL,Long term,RANGE,0.04694999999999823,0.05226048951048979,07:30:00
2019-09-18 13:00:00,108.189,108.146,108.169,108.152,2.0,USD_IR,Long term,UP,0.010299999999999443,0.04495454545451594,13:00:00
2019-09-18 22:00:00,108.132,108.044,108.06700000000001,108.115,-0.1,JPY_IR,Long term,DOWN,0.010299999999999443,-0.05795454545454959,22:00:00
2019-09-19 18:30:00,108.03,108.015,108.02799999999999,108.016,0.5,JPY_CPI,Long term,RANGE,0.01810000000001537,0.03447368421052656,18:30:00
2019-09-25 00:00:00,107.331,107.314,107.318,107.32799999999999,0.4,JPY_CPI,Long term,UP,0.014950000000000331,0.020318181818183234,00:00:00
2019-09-26 07:30:00,107.69200000000001,107.64299999999999,107.68,107.661,2.0,USD_GDP,Long term,DOWN,0.007549999999999103,-0.03249999999999886,07:30:00
2019-09-26 18:30:00,107.84299999999999,107.81200000000001,107.81200000000001,107.82799999999999,0.5,JPY_CPI,Long term,RANGE,0.008399999999998898,0.03447368421052656,18:30:00
2019-09-30 18:30:00,108.08200000000001,108.053,108.05799999999999,108.072,2.2,JPY_UNEMP,Long term,RANGE,0.024450000000000218,0.031686602870813645,18:30:00
2019-10-08 07:30:00,106.89399999999999,106.829,106.839,106.85700000000001,-0.3,USD_PPI,Long term,UP,0.012899999999999068,0.032818181818171865,07:30:00
2019-10-10 07:30:00,107.436,107.384,107.40299999999999,107.428,0.1,USD_CPI,Long term,RANGE,0.01950000000000074,0.056073529411764834,07:30:00
2019-10-16 07:30:00,108.788,108.75299999999999,108.788,108.766,-0.3,USD_RETAIL,Long term,RANGE,0.01564999999999941,0.05226048951048979,07:30:00
2019-10-17 18:30:00,108.634,108.617,108.617,108.619,0.3,JPY_CPI,Long term,DOWN,0.007200000000000273,-0.021681818181818358,18:30:00
2019-10-28 18:30:00,108.98200000000001,108.964,108.969,108.965,0.5,JPY_CPI,Long term,RANGE,0.0071000000000012164,0.03447368421052656,18:30:00
2019-10-30 07:30:00,108.941,108.81299999999999,108.821,108.88600000000001,1.9,USD_GDP,Long term,DOWN,0.020150000000001,-0.02081818181818562,07:30:00
2019-10-30 13:00:00,108.98899999999999,108.87100000000001,108.875,108.943,1.75,USD_IR,Short term,RANGE,0.020150000000001,0.06767694805194804,13:00:00
2019-10-30 22:00:00,108.708,108.663,108.66799999999999,108.70700000000001,-0.1,JPY_IR,Long term,DOWN,0.020150000000001,-0.029181818181811536,22:00:00
2019-10-31 18:30:00,108.021,107.98700000000001,108.02,107.99,2.4,JPY_UNEMP,Long term,RANGE,0.012499999999988631,0.031686602870813645,18:30:00
2019-11-13 08:30:00,108.906,108.74799999999999,108.84899999999999,108.755,0.2,USD_CPI,Long term,DOWN,0.008699999999988961,-0.036818181818205176,08:30:00
2019-11-14 08:30:00,108.65299999999999,108.56299999999999,108.63,108.58,0.4,USD_PPI,Long term,RANGE,0.012099999999999512,0.04114860139860195,08:30:00
2019-11-15 08:30:00,108.727,108.647,108.70700000000001,108.698,0.3,USD_RETAIL,Long term,UP,0.014349999999998886,0.02400000000000091,08:30:00
2019-11-21 18:30:00,108.604,108.589,108.602,108.59,0.4,JPY_CPI,Long term,UP,0.008599999999999853,0.020909090909086103,18:30:00
2019-11-27 08:30:00,109.25200000000001,109.161,109.161,109.23700000000001,2.1,USD_GDP,Long term,UP,0.007049999999999557,0.024045454545472467,08:30:00
2019-12-11 08:30:00,108.741,108.667,108.70299999999999,108.686,0.2,USD_CPI,Long term,RANGE,0.01389999999999958,0.056073529411764834,08:30:00
2019-12-11 14:00:00,108.76899999999999,108.615,108.681,108.62100000000001,1.75,USD_IR,Long term,DOWN,0.015550000000000353,-0.04331818181817937,14:00:00
2019-12-12 08:30:00,108.617,108.55799999999999,108.617,108.59700000000001,0.0,USD_PPI,Long term,UP,0.015550000000000353,0.04813636363635965,08:30:00
2019-12-13 08:30:00,109.62200000000001,109.493,109.544,109.585,0.2,USD_RETAIL,Short term,DOWN,0.015550000000000353,-0.05840909090910884,08:30:00
2019-12-18 22:00:00,109.585,109.559,109.572,109.56200000000001,-0.1,JPY_IR,Long term,RANGE,0.006350000000000478,0.045159090909091086,22:00:00
2019-12-19 18:30:00,109.40100000000001,109.36399999999999,109.36399999999999,109.37299999999999,0.5,JPY_CPI,Long term,DOWN,0.006350000000000478,-0.022045454545462917,18:30:00
2019-12-20 08:30:00,109.335,109.295,109.3,109.32600000000001,2.1,USD_GDP,Long term,UP,0.006350000000000478,0.021818181818161975,08:30:00
2020-01-14 08:30:00,110.071,109.96799999999999,110.071,110.031,0.1,USD_CPI,Long term,DOWN,0.007699999999999818,-0.03313636363634487,08:30:00
2020-01-15 08:30:00,109.896,109.822,109.882,109.829,0.1,USD_PPI,Long term,DOWN,0.006900000000000262,-0.015318181818201992,08:30:00
2020-01-16 08:30:00,110.052,109.93299999999999,109.93299999999999,110.01700000000001,0.3,USD_RETAIL,Long term,UP,0.00525000000000091,0.03463636363636624,08:30:00
2020-01-20 22:00:00,110.00399999999999,109.946,109.97,109.973,-0.1,JPY_IR,Long term,DOWN,0.007699999999999818,-0.028999999999996362,22:00:00
2020-01-23 18:30:00,109.566,109.525,109.525,109.54899999999999,0.7,JPY_CPI,Long term,RANGE,0.03255000000000052,0.03447368421052656,18:30:00
2020-01-29 14:00:00,109.26,109.18,109.19,109.20299999999999,1.75,USD_IR,Long term,DOWN,0.011299999999999956,-0.02154545454546053,14:00:00
2020-01-30 08:30:00,108.93299999999999,108.786,108.838,108.874,2.1,USD_GDP,Long term,RANGE,0.011299999999999956,0.05357523510971773,08:30:00
2020-02-13 09:30:00,109.825,109.76,109.78399999999999,109.816,0.2,USD_CPI,Short term,DOWN,0.010249999999999204,-0.04927272727272225,09:30:00
2020-02-14 09:30:00,109.792,109.73700000000001,109.779,109.74700000000001,0.3,USD_RETAIL,Long term,RANGE,0.005599999999999739,0.05226048951048979,09:30:00
2020-02-19 09:30:00,110.771,110.709,110.723,110.74700000000001,0.5,USD_PPI,Long term,UP,0.014450000000000785,0.059409090909099405,09:30:00
2020-02-20 19:30:00,112.182,112.079,112.11399999999999,112.12899999999999,0.8,JPY_CPI,Long term,DOWN,0.016550000000000866,-0.039954545454548906,19:30:00
2020-02-27 09:30:00,110.036,109.851,109.902,109.897,2.1,USD_GDP,Long term,DOWN,0.020049999999999103,-0.049681818181824156,09:30:00
2020-03-03 11:00:00,107.57700000000001,107.29299999999999,107.53299999999999,107.325,1.25,USD_IR,Short term,RANGE,0.021999999999999888,0.06767694805194804,11:00:00
2020-03-11 08:30:00,104.852,104.624,104.721,104.698,0.2,USD_CPI,Long term,UP,0.045650000000006234,0.10686363636359886,08:30:00
2020-03-12 08:30:00,104.5,104.11,104.13600000000001,104.15100000000001,-0.6,USD_PPI,Short term,UP,0.045650000000006234,0.2515454545454361,08:30:00
2020-03-15 17:00:00,106.9,106.454,106.846,106.598,0.25,USD_IR,Short term,UP,0.043850000000004746,0.2504090909091019,17:00:00
2020-03-16 01:00:00,106.57600000000001,106.32799999999999,106.47200000000001,106.338,-0.1,JPY_IR,Short term,RANGE,0.13115000000000238,0.045159090909091086,01:00:00
2020-03-17 08:30:00,107.139,106.765,106.96700000000001,106.802,-0.5,USD_RETAIL,Long term,UP,0.043750000000004265,0.1423181818181547,08:30:00
