DATE_TIME,HIGH,LOW,OPEN,CLOSE,Event_value,Event_type,Time duration
1/9/2011 19:30,0.99716,0.99661,0.99712,0.99704,0.3,AUD_RETAILSALES,Long term
1/12/2011 19:30,0.99665,0.99451,0.99451,0.99586,5,AUD_UNEMP,Long term
1/13/2011 8:30,1.00054,0.99878,1.00051,0.99919,1.1,USD_PPI,Short term
1/23/2011 19:30,0.98839,0.9872,0.9873,0.98721,0.1,AUD_PPI,Long term
1/24/2011 19:30,0.99443,0.9938,0.99386,0.99406,0.4,AUD_CPI,Short term
1/26/2011 14:15,0.99721,0.99583,0.99686,0.99721,0.25,USD_IR,Short term
1/28/2011 8:30,0.99731,0.99603,0.99605,0.99731,3.2,USD_GDP,Long term
2/6/2011 19:30,1.01353,1.01302,1.01308,1.01331,0.2,AUD_RETAILSALES,Long term
2/9/2011 19:30,1.00914,1.00831,1.00853,1.00857,5,AUD_UNEMP,Long term
2/15/2011 8:30,1.00026,0.99912,0.99971,1.00018,0.3,USD_RETAIL,Short term
2/16/2011 8:30,0.99831,0.99709,0.99765,0.99733,0.8,USD_PPI,Long term
2/17/2011 8:30,1.00576,1.00382,1.0043,1.00564,0.2,USD_CPI,Long term
2/25/2011 8:30,1.01443,1.01348,1.01372,1.01376,2.8,USD_GDP,Long term
2/28/2011 19:30,1.01899,1.01842,1.01899,1.01847,0.4,AUD_RETAILSALES,Short term
3/1/2011 19:30,1.01273,1.01228,1.0127,1.01251,0.7,AUD_GDP,Long term
3/9/2011 19:30,1.01056,1.009,1.01056,1.00911,5,AUD_UNEMP,Long term
3/11/2011 8:30,1.00527,1.00185,1.0019,1.00508,1,USD_RETAIL,Long term
3/15/2011 13:15,0.99161,0.99027,0.99081,0.99154,0.25,USD_IR,Short term
3/16/2011 7:30,0.99143,0.98857,0.9904,0.98911,1.6,USD_PPI,Short term
3/17/2011 7:30,0.98429,0.98295,0.98415,0.98416,0.2,USD_CPI,Long term
3/25/2011 7:30,1.02394,1.02279,1.02372,1.02279,3.1,USD_GDP,Long term
3/30/2011 19:30,1.0332,1.03166,1.03201,1.03301,0.5,AUD_RETAILSALES,Short term
4/6/2011 20:30,1.04798,1.04244,1.04245,1.04671,4.9,AUD_UNEMP,Short term
4/13/2011 7:30,1.05013,1.04924,1.04956,1.04948,0.4,USD_RETAIL,Long term
4/14/2011 7:30,1.05089,1.0486,1.04948,1.05047,0.7,USD_PPI,Long term
4/15/2011 7:30,1.05367,1.05155,1.05155,1.05173,0.1,USD_CPI,Short term
4/20/2011 20:30,1.0749,1.07292,1.07311,1.07406,1.2,AUD_PPI,Long term
4/26/2011 20:30,1.08503,1.07989,1.07999,1.08397,1.6,AUD_CPI,Short term
4/27/2011 11:30,1.08266,1.07786,1.07878,1.08176,0.25,USD_IR,Long term
4/28/2011 7:30,1.09041,1.08876,1.08928,1.08978,1.8,USD_GDP,Long term
5/4/2011 20:30,1.07667,1.07034,1.07651,1.07125,-0.5,AUD_RETAILSALES,Short term
5/11/2011 20:30,1.06924,1.05852,1.06923,1.05973,4.9,AUD_UNEMP,Short term
5/13/2011 7:30,1.07052,1.0676,1.06773,1.06926,0.2,USD_CPI,Long term
5/26/2011 7:30,1.05853,1.05686,1.05825,1.05813,1.8,USD_GDP,Long term
5/31/2011 20:30,1.07307,1.06703,1.06739,1.072,-1.2,AUD_GDP,Short term
6/1/2011 20:30,1.06568,1.06228,1.06253,1.06457,1.1,AUD_RETAILSALES,Short term
6/8/2011 20:30,1.06529,1.05761,1.06527,1.05826,4.9,AUD_UNEMP,Short term
6/15/2011 7:30,1.06689,1.06463,1.06689,1.06563,0.3,USD_CPI,Long term
6/22/2011 11:30,1.06298,1.06128,1.06271,1.06224,0.25,USD_IR,Long term
6/24/2011 7:30,1.05717,1.05524,1.0556,1.05573,1.9,USD_GDP,Long term
7/3/2011 20:30,1.07647,1.07221,1.07647,1.07259,-0.6,AUD_RETAILSALES,Short term
7/6/2011 20:30,1.07499,1.06937,1.06944,1.07364,4.9,AUD_UNEMP,Short term
7/15/2011 7:30,1.06711,1.06551,1.06709,1.06649,0.3,USD_CPI,Long term
7/24/2011 20:30,1.08346,1.08246,1.08258,1.08302,0.8,AUD_PPI,Long term
7/26/2011 20:30,1.10595,1.09429,1.09537,1.10394,0.9,AUD_CPI,Short term
7/29/2011 7:30,1.09275,1.09108,1.09234,1.09197,1.3,USD_GDP,Long term
8/2/2011 20:30,1.07388,1.0678,1.07374,1.06821,-0.1,AUD_RETAILSALES,Short term
8/9/2011 13:15,1.02283,1.00812,1.01675,1.01733,0.25,USD_IR,Long term
8/10/2011 20:30,1.02059,1.01108,1.02059,1.01651,5.1,AUD_UNEMP,Short term
8/12/2011 7:30,1.03508,1.03296,1.03297,1.03369,0.5,USD_RETAIL,Long term
8/17/2011 7:30,1.05689,1.05575,1.05662,1.05601,0.2,USD_PPI,Long term
8/18/2011 7:30,1.04609,1.04384,1.04547,1.04579,0.2,USD_CPI,Long term
8/26/2011 7:30,1.05018,1.04931,1.0496,1.04967,1,USD_GDP,Long term
8/31/2011 20:30,1.07093,1.0702,1.07021,1.07065,0.5,AUD_RETAILSALES,Long term
9/6/2011 20:30,1.0576,1.05712,1.05752,1.05734,1.2,AUD_GDP,Short term
9/7/2011 20:30,1.0585,1.05754,1.05757,1.05799,5.3,AUD_UNEMP,Long term
9/15/2011 7:30,1.02755,1.02598,1.02755,1.0261,0.2,USD_CPI,Short term
9/21/2011 13:15,1.02565,1.01574,1.02238,1.02053,0.25,USD_IR,Short term
9/29/2011 7:30,0.98612,0.98321,0.98359,0.98595,1.3,USD_GDP,Long term
10/4/2011 19:30,0.95399,0.9499,0.95123,0.95022,0.6,AUD_RETAILSALES,Short term
10/12/2011 19:30,1.02304,1.01452,1.01452,1.02053,5.2,AUD_UNEMP,Short term
10/14/2011 7:30,1.02885,1.02636,1.02652,1.02754,1.1,USD_RETAIL,Short term
10/18/2011 7:30,1.01705,1.01468,1.01496,1.01604,0.8,USD_PPI,Long term
10/19/2011 7:30,1.03369,1.03064,1.03067,1.03262,0.1,USD_CPI,Long term
10/23/2011 19:30,1.03503,1.03264,1.0341,1.03462,0.6,AUD_PPI,Long term
10/25/2011 19:30,1.04254,1.03652,1.04254,1.03664,0.6,AUD_CPI,Short term
10/27/2011 7:30,1.06588,1.06349,1.06477,1.06509,2.5,USD_GDP,Long term
11/2/2011 11:30,1.03593,1.03315,1.03521,1.03471,0.25,USD_IR,Short term
11/2/2011 19:30,1.02541,1.02314,1.02502,1.02505,0.4,AUD_RETAILSALES,Short term
11/9/2011 19:30,1.01443,1.01343,1.01383,1.0137,5.2,AUD_UNEMP,Long term
11/16/2011 8:30,1.01257,1.01068,1.01176,1.01183,0.1,USD_CPI,Long term
11/22/2011 8:30,0.98564,0.9832,0.98385,0.98524,2,USD_GDP,Short term
11/30/2011 19:30,1.02269,1.02131,1.02256,1.02133,0.2,AUD_RETAILSALES,Long term
12/6/2011 19:30,1.02665,1.02623,1.02635,1.02665,1,AUD_GDP,Long term
12/7/2011 19:30,1.0266,1.02524,1.0253,1.0264,5.3,AUD_UNEMP,Short term
12/13/2011 8:30,1.01406,1.01121,1.01121,1.01395,0.2,USD_RETAIL,Long term
12/13/2011 14:15,1.0014,0.99872,1.00123,0.99875,0.25,USD_IR,Short term
12/15/2011 8:30,0.9983,0.9964,0.9983,0.99652,0.3,USD_PPI,Long term
12/16/2011 8:30,0.9977,0.99601,0.99723,0.99642,0.2,USD_CPI,Long term
12/22/2011 8:30,1.01222,1.00965,1.01065,1.01154,1.8,USD_GDP,Long term
1/8/2012 19:30,1.01661,1.01517,1.01633,1.01573,0,AUD_RETAILSALES,Short term
1/12/2012 8:30,1.03576,1.03343,1.03509,1.03419,0.1,USD_RETAIL,Long term
1/18/2012 8:30,1.03786,1.03606,1.03669,1.03737,-0.1,USD_PPI,Long term
1/18/2012 19:30,1.03973,1.03897,1.03933,1.03943,5.2,AUD_UNEMP,Long term
1/19/2012 8:30,1.04173,1.04056,1.04145,1.04098,0.1,USD_CPI,Long term
1/22/2012 19:30,1.04691,1.04622,1.0466,1.04691,0.3,AUD_PPI,Long term
1/24/2012 19:30,1.0506,1.05022,1.05039,1.05048,0,AUD_CPI,Short term
1/25/2012 12:30,1.05966,1.05857,1.05909,1.0589,0.25,USD_IR,Long term
1/27/2012 8:30,1.06361,1.06091,1.06105,1.06302,2.8,USD_GDP,Short term
2/5/2012 19:30,1.0739,1.07315,1.07367,1.07315,-0.1,AUD_RETAILSALES,Short term
2/14/2012 8:30,1.07101,1.06982,1.07019,1.07076,0.4,USD_RETAIL,Short term
2/15/2012 19:30,1.07173,1.07013,1.07135,1.07092,5.1,AUD_UNEMP,Long term
2/16/2012 8:30,1.07132,1.06957,1.07053,1.07085,0.1,USD_PPI,Long term
2/17/2012 8:30,1.07535,1.07303,1.07509,1.07425,0.2,USD_CPI,Short term
2/28/2012 19:30,1.08045,1.07933,1.07957,1.08029,0.3,AUD_RETAILSALES,Long term
2/29/2012 8:30,1.08466,1.08366,1.08384,1.08442,3,USD_GDP,Long term
3/6/2012 19:30,1.05437,1.05279,1.05331,1.05357,0.4,AUD_GDP,Long term
3/7/2012 19:30,1.05559,1.055,1.05527,1.055,5.2,AUD_UNEMP,Long term
3/13/2012 7:30,1.05103,1.04928,1.0501,1.05066,1.1,USD_RETAIL,Long term
3/13/2012 13:15,1.05233,1.05045,1.05126,1.0507,0.25,USD_IR,Long term
3/15/2012 7:30,1.05108,1.04943,1.05108,1.05,0.4,USD_PPI,Long term
3/16/2012 7:30,1.05946,1.05735,1.05766,1.05828,0.1,USD_CPI,Long term
3/29/2012 7:30,1.03596,1.03254,1.034,1.03517,3,USD_GDP,Long term
4/2/2012 20:30,1.04338,1.04209,1.04258,1.04234,0.2,AUD_RETAILSALES,Short term
4/11/2012 20:30,1.03663,1.03032,1.03033,1.03506,5.2,AUD_UNEMP,Short term
4/12/2012 7:30,1.03962,1.03801,1.03954,1.03827,0,USD_PPI,Long term
4/13/2012 7:30,1.04048,1.0396,1.04019,1.04028,0.2,USD_CPI,Long term
4/16/2012 7:30,1.03647,1.0341,1.03432,1.03601,0.8,USD_RETAIL,Short term
4/22/2012 20:30,1.03607,1.03315,1.03599,1.03352,-0.3,AUD_PPI,Short term
4/23/2012 20:30,1.0318,1.0257,1.03176,1.02693,0.1,AUD_CPI,Short term
4/25/2012 11:30,1.03313,1.03135,1.03293,1.03244,0.25,USD_IR,Short term
4/27/2012 7:30,1.04414,1.0426,1.04339,1.04365,2.2,USD_GDP,Long term
5/6/2012 20:30,1.01328,1.011,1.01108,1.01282,0.9,AUD_RETAILSALES,Short term
5/9/2012 20:30,1.01011,1.00565,1.00565,1.00989,4.9,AUD_UNEMP,Short term
5/11/2012 7:30,1.00506,1.00335,1.00462,1.00337,-0.2,USD_PPI,Long term
5/29/2012 20:30,0.98107,0.97749,0.98107,0.97933,-0.2,AUD_RETAILSALES,Short term
5/31/2012 7:30,0.97377,0.97159,0.97272,0.97207,1.9,USD_GDP,Long term
6/5/2012 20:30,0.98325,0.97717,0.97717,0.98281,1.3,AUD_GDP,Short term
6/6/2012 20:30,0.99599,0.98864,0.98931,0.99496,5.1,AUD_UNEMP,Short term
6/14/2012 7:30,0.9971,0.99405,0.99452,0.99642,0.2,USD_CPI,Short term
6/20/2012 11:30,1.01851,1.01329,1.01781,1.01642,0.25,USD_IR,Short term
6/28/2012 7:30,1.00596,1.0046,1.00485,1.00538,1.9,USD_GDP,Long term
7/3/2012 20:30,1.03174,1.02958,1.02958,1.03052,0.5,AUD_RETAILSALES,Long term
7/11/2012 20:30,1.02383,1.01914,1.0238,1.01932,5.2,AUD_UNEMP,Short term
7/13/2012 7:30,1.01722,1.01658,1.01707,1.01687,0.1,USD_PPI,Long term
7/16/2012 7:30,1.02263,1.02048,1.02103,1.02182,-0.5,USD_RETAIL,Long term
7/17/2012 7:30,1.02839,1.02761,1.02783,1.02814,2.2,USD_CPI,Long term
7/17/2012 7:30,1.02839,1.02761,1.02783,1.02814,0.2,USD_CPI,Long term
7/22/2012 20:30,1.0326,1.03142,1.032,1.03211,0.5,AUD_PPI,Long term
7/24/2012 20:30,1.02104,1.01762,1.01882,1.02104,0.5,AUD_CPI,Short term
7/27/2012 7:30,1.04366,1.04125,1.04336,1.0417,1.5,USD_GDP,Short term
8/1/2012 13:15,1.04855,1.04605,1.04696,1.04729,0.25,USD_IR,Short term
8/1/2012 20:30,1.04724,1.04545,1.04546,1.04692,1,AUD_RETAILSALES,Long term
8/8/2012 20:30,1.05913,1.05638,1.05645,1.05861,5.2,AUD_UNEMP,Short term
8/15/2012 7:30,1.04953,1.04686,1.04702,1.04897,2.1,USD_CPI,Long term
8/15/2012 7:30,1.04953,1.04686,1.04702,1.04897,0.1,USD_CPI,Long term
8/29/2012 7:30,1.03973,1.03786,1.03791,1.03927,1.7,USD_GDP,Long term
9/2/2012 20:30,1.02695,1.02384,1.02685,1.02433,-0.8,AUD_RETAILSALES,Short term
9/4/2012 20:30,1.02088,1.01908,1.02088,1.02078,0.6,AUD_GDP,Long term
9/5/2012 20:30,1.0219,1.01677,1.01809,1.02157,5.1,AUD_UNEMP,Short term
9/13/2012 7:30,1.04553,1.04412,1.04519,1.04468,1.7,USD_PPI,Long term
9/13/2012 11:30,1.05146,1.04284,1.04473,1.04729,0.25,USD_IR,Long term
9/27/2012 7:30,1.04193,1.04068,1.04154,1.04168,1.3,USD_GDP,Short term
10/3/2012 20:30,1.02206,1.01908,1.02116,1.01968,0.2,AUD_RETAILSALES,Short term
10/10/2012 19:30,1.02607,1.02236,1.02236,1.0256,5.4,AUD_UNEMP,Short term
10/12/2012 7:30,1.0252,1.02383,1.02422,1.0252,1.1,USD_PPI,Long term
10/15/2012 7:30,1.02454,1.02327,1.02397,1.0234,1.1,USD_RETAIL,Long term
10/16/2012 7:30,1.02844,1.02693,1.02801,1.02723,0.1,USD_CPI,Short term
10/23/2012 19:30,1.03029,1.02717,1.02718,1.02861,1.4,AUD_CPI,Long term
10/24/2012 13:15,1.0359,1.03427,1.03585,1.03538,0.25,USD_IR,Long term
10/26/2012 7:30,1.03575,1.03353,1.03373,1.03535,2,USD_GDP,Short term
11/1/2012 19:30,1.04024,1.03976,1.04024,1.0399,0.6,AUD_PPI,Short term
11/4/2012 19:30,1.03653,1.03516,1.03519,1.03621,0.5,AUD_RETAILSALES,Short term
11/7/2012 19:30,1.04309,1.0418,1.04299,1.04189,5.4,AUD_UNEMP,Short term
11/15/2012 8:30,1.03378,1.03238,1.03267,1.03315,0.2,USD_CPI,Long term
11/29/2012 8:30,1.04425,1.04319,1.04328,1.04418,2.7,USD_GDP,Long term
12/2/2012 19:30,1.04074,1.04043,1.04069,1.04056,0,AUD_RETAILSALES,Short term
12/4/2012 19:30,1.04682,1.04639,1.0466,1.0468,0.5,AUD_GDP,Long term
12/5/2012 19:30,1.04746,1.04671,1.04741,1.04701,5.2,AUD_UNEMP,Long term
12/12/2012 12:30,1.05729,1.05664,1.05727,1.05691,0.25,USD_IR,Long term
12/14/2012 8:30,1.05342,1.0528,1.05309,1.05338,0.1,USD_CPI,Long term
12/20/2012 8:30,1.04725,1.04659,1.04711,1.04673,3.1,USD_GDP,Long term
1/8/2013 19:30,1.05031,1.04948,1.0495,1.05028,-0.1,AUD_RETAILSALES,Long term
1/16/2013 8:30,1.05534,1.05454,1.05524,1.05474,0.1,USD_CPI,Short term
1/16/2013 19:30,1.05506,1.05447,1.0549,1.05462,5.4,AUD_UNEMP,Long term
1/22/2013 19:30,1.05509,1.05467,1.05494,1.05472,0.2,AUD_CPI,Short term
1/30/2013 8:30,1.04226,1.04139,1.04206,1.0416,-0.1,USD_GDP,Short term
1/30/2013 14:15,1.0412,1.04055,1.04067,1.04074,0.25,USD_IR,Long term
1/31/2013 19:30,1.04043,1.03991,1.04042,1.0404,0.2,AUD_PPI,Short term
2/5/2013 19:30,1.03563,1.03495,1.0354,1.03528,-0.2,AUD_RETAILSALES,Long term
2/6/2013 19:30,1.03109,1.03072,1.03095,1.03102,5.4,AUD_UNEMP,Long term
2/13/2013 8:30,1.03431,1.03352,1.03384,1.03419,0.1,USD_RETAIL,Long term
2/20/2013 8:30,1.03131,1.03012,1.03106,1.03025,0.2,USD_PPI,Short term
2/21/2013 8:30,1.0247,1.02397,1.02465,1.02446,0.3,USD_CPI,Short term
2/28/2013 8:30,1.02511,1.02359,1.02383,1.02464,0.1,USD_GDP,Long term
3/4/2013 19:30,1.0215,1.02066,1.02138,1.02089,0.9,AUD_RETAILSALES,Short term
3/5/2013 19:30,1.02806,1.02745,1.02797,1.02745,0.6,AUD_GDP,Short term
3/13/2013 7:30,1.03169,1.03038,1.03145,1.03053,1.1,USD_RETAIL,Short term
3/13/2013 19:30,1.03709,1.03636,1.03679,1.03636,5.4,AUD_UNEMP,Short term
3/14/2013 7:30,1.03707,1.03571,1.03584,1.03668,0.7,USD_PPI,Long term
3/15/2013 7:30,1.03795,1.03723,1.03787,1.03769,0.2,USD_CPI,Long term
3/20/2013 13:00,1.03855,1.03802,1.03849,1.03838,0.25,USD_IR,Long term
3/28/2013 7:30,1.04087,1.04025,1.04035,1.04043,0.4,USD_GDP,Long term
4/3/2013 19:30,1.04894,1.04583,1.04587,1.04838,1.3,AUD_RETAILSALES,Short term
4/10/2013 20:30,1.05483,1.04994,1.05462,1.05112,5.6,AUD_UNEMP,Short term
4/16/2013 7:30,1.0382,1.0367,1.03733,1.03701,0.1,USD_CPI,Long term
4/23/2013 20:30,1.02725,1.02349,1.02725,1.02429,0.4,AUD_CPI,Short term
4/26/2013 7:30,1.02869,1.02757,1.02788,1.02823,2.5,USD_GDP,Short term
5/1/2013 13:00,1.02971,1.02702,1.02875,1.02967,0.25,USD_IR,Long term
5/2/2013 20:30,1.02618,1.02565,1.02588,1.02572,0.3,AUD_PPI,Long term
5/5/2013 20:30,1.02958,1.027,1.02954,1.0291,-0.4,AUD_RETAILSALES,Short term
5/8/2013 20:30,1.02504,1.01616,1.01644,1.02418,5.5,AUD_UNEMP,Short term
5/13/2013 7:30,0.99856,0.99546,0.99735,0.99844,0.1,USD_RETAIL,Long term
5/15/2013 7:30,0.99166,0.98927,0.98932,0.9897,-0.7,USD_PPI,Long term
5/16/2013 7:30,0.98669,0.98187,0.98187,0.98579,0.1,USD_CPI,Short term
5/30/2013 7:30,0.96191,0.95924,0.95924,0.96045,2.4,USD_GDP,Long term
6/2/2013 20:30,0.96352,0.96108,0.96191,0.96312,0.2,AUD_RETAILSALES,Short term
6/4/2013 20:30,0.9637,0.96045,0.9636,0.96097,0.6,AUD_GDP,Short term
6/12/2013 20:30,0.94966,0.94792,0.94934,0.94808,5.5,AUD_UNEMP,Long term
6/13/2013 7:30,0.95769,0.95658,0.95659,0.9574,0.6,USD_RETAIL,Long term
6/14/2013 7:30,0.96205,0.95983,0.96205,0.95993,0.5,USD_PPI,Long term
6/18/2013 7:30,0.94718,0.94503,0.94619,0.94573,0.2,USD_CPI,Long term
6/19/2013 13:00,0.95559,0.94454,0.9548,0.947,0.25,USD_IR,Short term
6/26/2013 7:30,0.93236,0.92846,0.92852,0.93057,1.8,USD_GDP,Short term
7/2/2013 20:30,0.91895,0.91561,0.9174,0.91686,0.1,AUD_RETAILSALES,Short term
7/10/2013 20:30,0.92705,0.92222,0.92222,0.92335,5.7,AUD_UNEMP,Long term
7/12/2013 7:30,0.90367,0.9025,0.9036,0.90334,0.8,USD_PPI,Long term
7/15/2013 7:30,0.9089,0.90521,0.90521,0.90751,0.4,USD_RETAIL,Long term
7/16/2013 7:30,0.92302,0.92068,0.92298,0.92186,0.2,USD_CPI,Short term
7/23/2013 20:30,0.93178,0.92426,0.92776,0.93019,0.4,AUD_CPI,Short term
7/31/2013 7:30,0.89749,0.89445,0.89749,0.89696,1.7,USD_GDP,Long term
7/31/2013 13:00,0.89859,0.8936,0.89601,0.89456,0.25,USD_IR,Short term
8/1/2013 20:30,0.89182,0.89035,0.89182,0.89087,0.1,AUD_PPI,Short term
8/4/2013 20:30,0.88811,0.88477,0.8878,0.88575,0,AUD_RETAILSALES,Long term
8/7/2013 20:30,0.90185,0.8972,0.90126,0.89957,5.7,AUD_UNEMP,Long term
8/13/2013 7:30,0.9137,0.91094,0.9135,0.91203,0.2,USD_RETAIL,Short term
8/14/2013 7:30,0.91348,0.91218,0.91218,0.91295,0,USD_PPI,Long term
8/15/2013 7:30,0.91489,0.90945,0.91474,0.91029,0.2,USD_CPI,Short term
8/29/2013 7:30,0.89405,0.89162,0.89405,0.89292,2.5,USD_GDP,Long term
9/2/2013 20:30,0.90202,0.89917,0.90196,0.90027,0.1,AUD_RETAILSALES,Short term
9/3/2013 20:30,0.90869,0.90474,0.90474,0.90854,0.6,AUD_GDP,Short term
9/11/2013 20:30,0.93393,0.92664,0.93393,0.92727,5.8,AUD_UNEMP,Short term
9/17/2013 7:30,0.936,0.93502,0.93519,0.93515,0.1,USD_CPI,Long term
9/18/2013 13:00,0.94728,0.93647,0.9371,0.94401,0.25,USD_IR,Short term
9/26/2013 7:30,0.93784,0.93638,0.93763,0.93742,2.5,USD_GDP,Long term
9/30/2013 20:30,0.93331,0.93179,0.93183,0.93288,0.4,AUD_RETAILSALES,Short term
10/9/2013 19:30,0.94722,0.94211,0.94262,0.94545,5.6,AUD_UNEMP,Short term
10/22/2013 19:30,0.97481,0.97116,0.97116,0.97392,1.2,AUD_CPI,Short term
10/30/2013 7:30,0.95034,0.94979,0.94979,0.9503,0.1,USD_CPI,Long term
10/30/2013 13:00,0.94789,0.94612,0.94662,0.94688,0.25,USD_IR,Short term
10/31/2013 19:30,0.94668,0.94592,0.94668,0.9462,1.3,AUD_PPI,Long term
11/3/2013 19:30,0.94859,0.94791,0.94835,0.94807,0.8,AUD_RETAILSALES,Long term
11/6/2013 19:30,0.94771,0.94681,0.94736,0.94705,5.7,AUD_UNEMP,Short term
11/7/2013 8:30,0.94841,0.94674,0.94688,0.94775,2.8,USD_GDP,Long term
11/21/2013 8:30,0.92448,0.92337,0.92379,0.92415,-0.2,USD_PPI,Long term
12/2/2013 19:30,0.90969,0.909,0.9092,0.90905,0.5,AUD_RETAILSALES,Long term
12/3/2013 19:30,0.90744,0.90454,0.90734,0.90545,0.6,AUD_GDP,Short term
12/5/2013 8:30,0.90207,0.90095,0.90164,0.90116,3.6,USD_GDP,Long term
12/11/2013 19:30,0.90311,0.90159,0.90234,0.90213,5.8,AUD_UNEMP,Long term
12/12/2013 8:30,0.89448,0.89327,0.89422,0.8939,0.7,USD_RETAIL,Long term
12/13/2013 8:30,0.894,0.89314,0.89382,0.89317,-0.1,USD_PPI,Short term
12/17/2013 8:30,0.89105,0.8898,0.89051,0.89005,0.2,USD_CPI,Short term
12/18/2013 14:00,0.88862,0.88571,0.88841,0.88625,0.25,USD_IR,Short term
12/20/2013 8:30,0.89051,0.88926,0.88983,0.89006,4.1,USD_GDP,Long term
1/8/2014 19:30,0.89046,0.8889,0.89008,0.88943,0.7,AUD_RETAILSALES,Short term
1/14/2014 8:30,0.89959,0.89902,0.89912,0.89916,0.2,USD_RETAIL,Short term
1/15/2014 8:30,0.89133,0.89083,0.89101,0.8912,0.4,USD_PPI,Long term
1/15/2014 19:30,0.88133,0.88013,0.88073,0.88123,5.8,AUD_UNEMP,Short term
1/16/2014 8:30,0.88101,0.88034,0.88062,0.88055,0.1,USD_CPI,Long term
1/21/2014 19:30,0.88579,0.88504,0.88569,0.88545,0.8,AUD_CPI,Long term
1/29/2014 14:00,0.87539,0.87288,0.87426,0.87351,0.25,USD_IR,Short term
1/30/2014 8:30,0.87933,0.8784,0.87897,0.87853,3.2,USD_GDP,Long term
1/30/2014 19:30,0.88006,0.87932,0.88004,0.87977,0.2,AUD_PPI,Short term
2/5/2014 19:30,0.89676,0.89619,0.89651,0.89623,0.5,AUD_RETAILSALES,Short term
2/12/2014 19:30,0.89434,0.89292,0.89434,0.89349,6,AUD_UNEMP,Short term
2/13/2014 8:30,0.89764,0.89633,0.89633,0.89705,-0.4,USD_RETAIL,Short term
2/19/2014 8:30,0.90365,0.90308,0.9032,0.90336,0.2,USD_PPI,Long term
2/20/2014 8:30,0.89651,0.89582,0.89616,0.89615,0.1,USD_CPI,Long term
2/28/2014 8:30,0.89418,0.89252,0.89414,0.8926,2.4,USD_GDP,Long term
3/4/2014 19:30,0.89719,0.89356,0.89684,0.89439,0.8,AUD_GDP,Short term
3/5/2014 19:30,0.9028,0.90205,0.90264,0.90208,1.2,AUD_RETAILSALES,Long term
3/12/2014 19:30,0.90583,0.90513,0.90562,0.90517,6,AUD_UNEMP,Long term
3/13/2014 7:30,0.90968,0.90771,0.90772,0.9096,0.3,USD_RETAIL,Long term
3/14/2014 7:30,0.90361,0.90212,0.90212,0.90335,-0.1,USD_PPI,Long term
3/18/2014 7:30,0.91146,0.91066,0.91085,0.91102,0.1,USD_CPI,Long term
3/19/2014 13:00,0.90488,0.90208,0.90476,0.90239,0.25,USD_IR,Short term
3/27/2014 7:30,0.92396,0.9233,0.92349,0.92331,2.6,USD_GDP,Short term
4/2/2014 19:30,0.92487,0.92265,0.92465,0.92311,0.2,AUD_RETAILSALES,Short term
4/9/2014 20:30,0.94401,0.93811,0.93815,0.94327,5.8,AUD_UNEMP,Short term
4/11/2014 7:30,0.93908,0.93802,0.93899,0.93883,0.5,USD_PPI,Short term
4/14/2014 7:30,0.94151,0.94024,0.94151,0.94029,1.1,USD_RETAIL,Long term
4/15/2014 7:30,0.93754,0.93625,0.93709,0.93639,0.2,USD_CPI,Long term
4/22/2014 20:30,0.93696,0.93173,0.93696,0.93186,0.6,AUD_CPI,Short term
4/30/2014 7:30,0.92906,0.92657,0.92657,0.92768,0.1,USD_GDP,Long term
4/30/2014 13:00,0.92884,0.927,0.92778,0.92755,0.25,USD_IR,Short term
5/1/2014 20:30,0.92751,0.92662,0.92662,0.92683,0.9,AUD_PPI,Short term
5/6/2014 20:30,0.93475,0.93322,0.93426,0.93463,0.1,AUD_RETAILSALES,Long term
5/7/2014 20:30,0.93622,0.93277,0.93279,0.93493,5.8,AUD_UNEMP,Long term
5/13/2014 7:30,0.9381,0.9364,0.93641,0.93767,0.1,USD_RETAIL,Short term
5/14/2014 7:30,0.94053,0.9395,0.94053,0.94001,0.6,USD_PPI,Long term
5/15/2014 7:30,0.93663,0.93451,0.93663,0.93543,0.2,USD_CPI,Long term
5/29/2014 7:30,0.92986,0.92817,0.92921,0.92827,-1,USD_GDP,Long term
6/2/2014 20:30,0.92572,0.92294,0.92387,0.92563,0.2,AUD_RETAILSALES,Short term
6/3/2014 20:30,0.92973,0.92556,0.92619,0.92806,1.1,AUD_GDP,Long term
6/11/2014 20:30,0.9387,0.93498,0.93838,0.93766,5.8,AUD_UNEMP,Long term
6/12/2014 7:30,0.94115,0.94014,0.94023,0.94063,0.3,USD_RETAIL,Long term
6/13/2014 7:30,0.93939,0.93868,0.93868,0.93931,-0.2,USD_PPI,Long term
6/17/2014 7:30,0.93614,0.93367,0.93614,0.93372,0.3,USD_CPI,Short term
6/18/2014 13:00,0.93645,0.93216,0.93411,0.93495,0.25,USD_IR,Short term
6/25/2014 7:30,0.93871,0.93684,0.93686,0.93831,-2.9,USD_GDP,Short term
7/2/2014 20:30,0.939,0.93711,0.939,0.93817,-0.5,AUD_RETAILSALES,Short term
7/9/2014 20:30,0.94569,0.94078,0.94328,0.94131,6,AUD_UNEMP,Short term
7/15/2014 7:30,0.93788,0.93691,0.93743,0.93711,0.2,USD_RETAIL,Long term
7/16/2014 7:30,0.93523,0.93416,0.93455,0.93522,0.4,USD_PPI,Short term
7/22/2014 7:30,0.94088,0.93796,0.93796,0.94052,0.1,USD_CPI,Short term
7/22/2014 20:30,0.94383,0.9384,0.9384,0.9431,0.5,AUD_CPI,Short term
7/30/2014 7:30,0.93677,0.93407,0.93677,0.93496,4,USD_GDP,Long term
7/30/2014 13:00,0.93373,0.93013,0.93079,0.93366,0.25,USD_IR,Short term
7/31/2014 20:30,0.93012,0.92889,0.93011,0.92914,-0.1,AUD_PPI,Short term
8/3/2014 20:30,0.93315,0.93152,0.93197,0.93192,0.6,AUD_RETAILSALES,Short term
8/6/2014 20:30,0.93443,0.92962,0.93408,0.93012,6.4,AUD_UNEMP,Short term
8/13/2014 7:30,0.93178,0.92921,0.92921,0.93122,0,USD_RETAIL,Short term
8/15/2014 7:30,0.93234,0.93099,0.93177,0.93164,0.1,USD_PPI,Long term
8/19/2014 7:30,0.93431,0.93279,0.93383,0.93335,0.1,USD_CPI,Short term
8/28/2014 7:30,0.93598,0.93519,0.93572,0.93559,4.2,USD_GDP,Long term
9/2/2014 20:30,0.93024,0.9268,0.92797,0.9271,0.5,AUD_GDP,Short term
9/3/2014 20:30,0.93645,0.93487,0.93533,0.93496,0.4,AUD_RETAILSALES,Long term
9/10/2014 20:30,0.92173,0.91503,0.91503,0.92087,6.1,AUD_UNEMP,Short term
9/12/2014 7:30,0.90632,0.90459,0.90507,0.90629,0.6,USD_RETAIL,Long term
9/16/2014 7:30,0.90329,0.90261,0.90292,0.90319,0,USD_PPI,Long term
9/17/2014 7:30,0.90841,0.90546,0.90548,0.90709,0,USD_CPI,Short term
9/17/2014 13:00,0.90513,0.89777,0.9025,0.89944,0.25,USD_IR,Long term
9/18/2014 9:00,0.89695,0.89576,0.89617,0.89597,7,USD_PAYROLL,Short term
9/26/2014 7:30,0.88,0.87787,0.87951,0.87795,4.6,USD_GDP,Short term
9/30/2014 20:30,0.87167,0.86814,0.87167,0.86945,0.1,AUD_RETAILSALES,Short term
10/8/2014 19:30,0.88256,0.87939,0.88252,0.88239,6.1,AUD_UNEMP,Short term
10/21/2014 19:30,0.8787,0.87441,0.87716,0.87804,0.5,AUD_CPI,Short term
10/22/2014 7:30,0.87966,0.87796,0.87966,0.87822,0.1,USD_CPI,Short term
10/29/2014 13:00,0.8805,0.87959,0.88038,0.87993,0.25,USD_IR,Long term
10/30/2014 7:30,0.8805,0.87965,0.88027,0.88012,3.5,USD_GDP,Long term
10/30/2014 19:30,0.88307,0.88238,0.88245,0.88289,0.2,AUD_PPI,Short term
11/3/2014 19:30,0.87014,0.86856,0.86941,0.86884,1.2,AUD_RETAILSALES,Long term
11/5/2014 19:30,0.85831,0.85735,0.85751,0.85777,6.2,AUD_UNEMP,Long term
11/14/2014 8:30,0.8678,0.86682,0.86691,0.8672,0.3,USD_RETAIL,Long term
11/18/2014 8:30,0.87275,0.87148,0.8727,0.872,0.2,USD_PPI,Long term
11/20/2014 8:30,0.86223,0.86082,0.86088,0.86162,0.2,USD_CPI,Long term
11/25/2014 8:30,0.85297,0.8513,0.85286,0.85273,3.9,USD_GDP,Long term
12/2/2014 19:30,0.84569,0.8393,0.84569,0.83974,0.3,AUD_GDP,Short term
12/3/2014 19:30,0.8429,0.83954,0.83954,0.84201,0.4,AUD_RETAILSALES,Short term
12/10/2014 19:30,0.83752,0.833,0.8331,0.83622,6.3,AUD_UNEMP,Short term
12/11/2014 8:30,0.82822,0.82578,0.82708,0.82803,0.7,USD_RETAIL,Long term
12/12/2014 8:30,0.82737,0.82638,0.82662,0.82674,-0.2,USD_PPI,Short term
12/17/2014 8:30,0.82015,0.81889,0.81891,0.81913,0.1,USD_CPI,Long term
12/17/2014 14:00,0.82222,0.8166,0.81709,0.8215,0.25,USD_IR,Short term
12/23/2014 8:30,0.81248,0.8105,0.81081,0.81155,5,USD_GDP,Short term
1/8/2015 19:30,0.81181,0.81049,0.81121,0.81132,0.1,AUD_RETAILSALES,Short term
1/14/2015 8:30,0.81671,0.81272,0.81272,0.81524,-0.9,USD_RETAIL,Short term
1/14/2015 19:30,0.82032,0.81378,0.81389,0.81976,6.1,AUD_UNEMP,Short term
1/15/2015 8:30,0.8267,0.82488,0.82576,0.82566,-0.3,USD_PPI,Long term
1/16/2015 8:30,0.82163,0.81953,0.82058,0.81981,0,USD_CPI,Long term
1/27/2015 19:30,0.80034,0.79098,0.79127,0.79941,0.2,AUD_CPI,Short term
1/28/2015 14:00,0.79964,0.79518,0.79714,0.79698,0.25,USD_IR,Long term
1/29/2015 19:30,0.77824,0.7765,0.77791,0.77818,0.1,AUD_PPI,Short term
1/30/2015 8:30,0.77827,0.77539,0.77763,0.77606,2.6,USD_GDP,Short term
2/4/2015 19:30,0.77636,0.77448,0.77616,0.77456,0.2,AUD_RETAILSALES,Short term
2/11/2015 19:30,0.77214,0.76548,0.7716,0.76624,6.4,AUD_UNEMP,Short term
2/12/2015 8:30,0.77041,0.76685,0.76686,0.76931,-0.8,USD_RETAIL,Long term
2/18/2015 8:30,0.78009,0.77907,0.77908,0.77957,-0.8,USD_PPI,Long term
2/26/2015 8:30,0.78928,0.78593,0.78814,0.78636,0.2,USD_CPI,Short term
2/27/2015 8:30,0.78266,0.78091,0.78264,0.78116,2.2,USD_GDP,Short term
3/3/2015 19:30,0.78343,0.77949,0.78135,0.78325,0.5,AUD_GDP,Short term
3/4/2015 19:30,0.78256,0.78134,0.78158,0.78213,0.4,AUD_RETAILSALES,Long term
3/11/2015 19:30,0.76249,0.75993,0.76019,0.76043,6.3,AUD_UNEMP,Long term
3/12/2015 7:30,0.77306,0.76843,0.76843,0.77013,-0.6,USD_RETAIL,Long term
3/13/2015 7:30,0.7668,0.76521,0.76521,0.76552,-0.5,USD_PPI,Long term
3/18/2015 13:00,0.77167,0.76452,0.76646,0.77153,0.25,USD_IR,Long term
3/24/2015 7:30,0.7922,0.7866,0.78986,0.79198,0.2,USD_CPI,Short term
3/27/2015 7:30,0.78084,0.7792,0.77977,0.78045,2.2,USD_GDP,Long term
4/6/2015 20:30,0.75856,0.75791,0.75833,0.75811,0.7,AUD_RETAILSALES,Long term
4/15/2015 20:30,0.77162,0.77047,0.77096,0.77057,6.1,AUD_UNEMP,Long term
4/17/2015 7:30,0.78201,0.78103,0.78121,0.78179,0.2,USD_CPI,Long term
4/21/2015 20:30,0.77116,0.77054,0.77115,0.771,0.2,AUD_CPI,Long term
4/29/2015 7:30,0.79973,0.79911,0.79973,0.79923,0.2,USD_GDP,Long term
4/29/2015 13:00,0.80569,0.80437,0.80561,0.80489,0.25,USD_IR,Long term
4/30/2015 20:30,0.78894,0.78829,0.78894,0.78873,0.5,AUD_PPI,Long term
5/5/2015 20:30,0.7942,0.7932,0.79389,0.7935,0.3,AUD_RETAILSALES,Long term
5/6/2015 20:30,0.79621,0.79532,0.79542,0.79621,6.2,AUD_UNEMP,Long term
5/13/2015 7:30,0.80489,0.80415,0.80451,0.80448,0,USD_RETAIL,Long term
5/14/2015 7:30,0.80979,0.80914,0.80953,0.80971,-0.4,USD_PPI,Long term
5/22/2015 7:30,0.78826,0.78787,0.78821,0.78802,0.3,USD_CPI,Long term
5/29/2015 7:30,0.76547,0.76502,0.76534,0.76523,-0.7,USD_GDP,Long term
6/2/2015 20:30,0.77605,0.77553,0.7758,0.77593,0.9,AUD_GDP,Long term
6/3/2015 20:30,0.77736,0.77669,0.77685,0.77705,0,AUD_RETAILSALES,Long term
6/10/2015 20:30,0.77186,0.77114,0.77114,0.77137,6,AUD_UNEMP,Long term
6/11/2015 7:30,0.77342,0.77276,0.77296,0.77327,1.2,USD_RETAIL,Long term
6/12/2015 7:30,0.77065,0.76975,0.76987,0.77043,0.5,USD_PPI,Long term
6/17/2015 13:00,0.76704,0.76625,0.7666,0.76691,0.25,USD_IR,Long term
6/18/2015 7:30,0.78369,0.78288,0.78341,0.78308,0.1,USD_CPI,Long term
6/24/2015 7:30,0.77472,0.77392,0.77392,0.77458,-0.2,USD_GDP,Long term
7/2/2015 20:30,0.76481,0.76396,0.76467,0.7645,0.3,AUD_RETAILSALES,Long term
7/8/2015 20:30,0.74105,0.73912,0.74089,0.73993,6,AUD_UNEMP,Long term
7/14/2015 7:30,0.74339,0.74286,0.74324,0.74296,-0.3,USD_RETAIL,Long term
7/15/2015 7:30,0.74607,0.74527,0.74563,0.74602,0.4,USD_PPI,Long term
7/17/2015 7:30,0.7404,0.73998,0.7401,0.74024,0.2,USD_CPI,Long term
7/21/2015 20:30,0.74241,0.74187,0.74199,0.74211,0.7,AUD_CPI,Long term
7/29/2015 13:00,0.73193,0.73105,0.73115,0.73174,0.25,USD_IR,Long term
7/30/2015 7:30,0.72739,0.7266,0.72673,0.72674,2.3,USD_GDP,Long term
7/30/2015 20:30,0.72984,0.72932,0.72934,0.72954,0.3,AUD_PPI,Long term
8/3/2015 20:30,0.72685,0.72629,0.72668,0.72663,0.7,AUD_RETAILSALES,Long term
8/5/2015 20:30,0.73567,0.73517,0.73567,0.73518,6.3,AUD_UNEMP,Long term
8/13/2015 7:30,0.73437,0.73377,0.734,0.73419,0.6,USD_RETAIL,Long term
8/14/2015 7:30,0.73934,0.73887,0.73932,0.73915,0.2,USD_PPI,Long term
8/19/2015 7:30,0.7349,0.73455,0.73471,0.7346,0.1,USD_CPI,Long term
8/27/2015 7:30,0.71517,0.71467,0.71499,0.71494,3.7,USD_GDP,Long term
9/1/2015 20:30,0.70256,0.7016,0.70182,0.70228,0.2,AUD_GDP,Long term
9/2/2015 20:30,0.70453,0.70383,0.70399,0.70431,-0.1,AUD_RETAILSALES,Long term
9/9/2015 20:30,0.69665,0.69593,0.69613,0.69658,6.2,AUD_UNEMP,Long term
9/11/2015 7:30,0.7064,0.7057,0.70586,0.70621,0,USD_PPI,Long term
9/15/2015 7:30,0.71263,0.71212,0.71249,0.71237,0.2,USD_RETAIL,Long term
9/16/2015 7:30,0.71511,0.71459,0.71477,0.71511,0.1,USD_CPI,Short term
9/17/2015 9:00,0.71646,0.71595,0.71614,0.71596,-208,USD_PAYROLL,Short term
9/17/2015 13:00,0.71477,0.71435,0.71466,0.71456,0.25,USD_IR,Long term
9/25/2015 7:30,0.70066,0.69949,0.6997,0.70051,3.9,USD_GDP,Short term
10/1/2015 20:30,0.7044,0.70403,0.70425,0.70428,0.4,AUD_RETAILSALES,Long term
10/14/2015 19:30,0.73123,0.7303,0.73056,0.73118,6.2,AUD_UNEMP,Long term
10/15/2015 7:30,0.73375,0.73291,0.73373,0.73295,0.2,USD_CPI,Long term
10/27/2015 19:30,0.71839,0.71189,0.71839,0.7131,0.5,AUD_CPI,Short term
10/28/2015 13:00,0.71568,0.70811,0.7148,0.70892,0.25,USD_IR,Short term
10/29/2015 7:30,0.71048,0.70824,0.70855,0.7087,1.5,USD_GDP,Long term
10/29/2015 19:30,0.7108,0.70955,0.70966,0.71024,0.9,AUD_PPI,Long term
11/3/2015 19:30,0.71956,0.71861,0.71864,0.71872,0.4,AUD_RETAILSALES,Long term
11/11/2015 19:30,0.71391,0.70617,0.70617,0.71377,5.9,AUD_UNEMP,Short term
11/17/2015 8:30,0.71306,0.71162,0.71269,0.71278,0.2,USD_CPI,Long term
11/24/2015 8:30,0.72175,0.72054,0.72098,0.72098,2.1,USD_GDP,Long term
12/1/2015 19:30,0.73429,0.73215,0.73227,0.73228,0.9,AUD_GDP,Short term
12/3/2015 19:30,0.7348,0.7331,0.73327,0.73333,0.5,AUD_RETAILSALES,Long term
12/9/2015 19:30,0.73327,0.72389,0.72389,0.73227,5.8,AUD_UNEMP,Short term
12/15/2015 8:30,0.72296,0.72136,0.72295,0.7214,0.2,USD_CPI,Long term
12/16/2015 14:00,0.72228,0.71762,0.72135,0.72071,0.5,USD_IR,Long term
12/22/2015 8:30,0.72454,0.72347,0.72391,0.72435,2,USD_GDP,Long term
1/7/2016 19:30,0.70279,0.70137,0.70206,0.70271,0.4,AUD_RETAILSALES,Long term
1/13/2016 19:30,0.69557,0.69198,0.69318,0.69339,5.8,AUD_UNEMP,Short term
1/20/2016 8:30,0.68676,0.68508,0.68508,0.68667,0.1,USD_CPI,Short term
1/26/2016 19:30,0.70404,0.70014,0.70014,0.70378,0.4,AUD_CPI,Short term
1/27/2016 14:00,0.70708,0.70279,0.70615,0.70279,0.5,USD_IR,Long term
1/28/2016 19:30,0.70879,0.70811,0.70854,0.70865,0.3,AUD_PPI,Long term
1/29/2016 8:30,0.71002,0.7088,0.7088,0.70909,0.7,USD_GDP,Long term
2/4/2016 19:30,0.72033,0.71768,0.72033,0.7191,0,AUD_RETAILSALES,Long term
2/4/2016 19:30,0.72033,0.71768,0.72033,0.7191,0.6,AUD_RETAILSALES,Long term
2/12/2016 8:30,0.71001,0.70903,0.70978,0.70913,0.2,USD_RETAIL,Short term
2/17/2016 8:30,0.71239,0.71112,0.71231,0.71154,0.1,USD_PPI,Long term
2/17/2016 19:30,0.71724,0.71334,0.71724,0.71432,6,AUD_UNEMP,Long term
2/19/2016 8:30,0.71036,0.70828,0.71036,0.70891,0.3,USD_CPI,Short term
2/26/2016 8:30,0.72108,0.7193,0.71984,0.721,1,USD_GDP,Long term
3/1/2016 19:30,0.72354,0.71682,0.71682,0.72197,0.6,AUD_GDP,Short term
3/3/2016 19:30,0.73552,0.73434,0.73547,0.73455,0.3,AUD_RETAILSALES,Long term
3/16/2016 7:30,0.74324,0.74141,0.74322,0.74206,0.3,USD_CPI,Long term
3/16/2016 13:00,0.7526,0.74322,0.74333,0.75164,0.5,USD_IR,Short term
3/16/2016 19:30,0.75854,0.75457,0.75598,0.75791,5.8,AUD_UNEMP,Short term
3/25/2016 7:30,0.7527,0.75142,0.75216,0.75182,1.4,USD_GDP,Short term
4/3/2016 20:30,0.76668,0.76623,0.76628,0.76627,0,AUD_RETAILSALES,Long term
4/13/2016 20:30,0.76403,0.76278,0.76395,0.76308,5.7,AUD_UNEMP,Long term
4/14/2016 7:30,0.77154,0.77066,0.7713,0.77118,0.1,USD_CPI,Long term
4/26/2016 20:30,0.77531,0.77456,0.77456,0.77485,-0.2,AUD_CPI,Long term
4/27/2016 13:00,0.75935,0.75863,0.75934,0.75911,0.5,USD_IR,Long term
4/28/2016 7:30,0.76107,0.76021,0.76076,0.76047,0.5,USD_GDP,Long term
4/28/2016 20:30,0.76321,0.76254,0.76286,0.76316,-0.2,AUD_PPI,Short term
5/4/2016 20:30,0.74614,0.74571,0.74608,0.74589,0.4,AUD_RETAILSALES,Long term
5/17/2016 7:30,0.7322,0.73161,0.73193,0.73175,0.2,USD_CPI,Long term
5/18/2016 20:30,0.72219,0.72161,0.72213,0.72172,5.7,AUD_UNEMP,Long term
5/27/2016 7:30,0.72137,0.72083,0.72131,0.72109,0.8,USD_GDP,Long term
5/31/2016 20:30,0.72383,0.72306,0.72352,0.72323,1.1,AUD_GDP,Long term
6/1/2016 20:30,0.72476,0.72432,0.72434,0.72471,0.2,AUD_RETAILSALES,Long term
6/14/2016 7:30,0.73467,0.73412,0.73466,0.73455,0.5,USD_RETAIL,Long term
6/15/2016 7:30,0.74012,0.73947,0.74006,0.73947,0.4,USD_PPI,Long term
6/15/2016 13:00,0.74025,0.73946,0.73946,0.74014,0.5,USD_IR,Long term
6/15/2016 20:30,0.74231,0.74138,0.74181,0.7422,5.7,AUD_UNEMP,Long term
6/16/2016 7:30,0.73524,0.7345,0.73457,0.73518,0.2,USD_CPI,Long term
6/28/2016 7:30,0.73985,0.73925,0.73971,0.73966,1.1,USD_GDP,Long term
7/4/2016 20:30,0.75245,0.75157,0.7522,0.75158,0.2,AUD_RETAILSALES,Long term
7/13/2016 20:30,0.75963,0.7592,0.75928,0.75954,5.8,AUD_UNEMP,Long term
7/14/2016 7:30,0.76504,0.76345,0.76413,0.76392,0.5,USD_PPI,Long term
7/26/2016 20:30,0.75119,0.75001,0.75119,0.75058,0.4,AUD_CPI,Long term
7/27/2016 13:00,0.74634,0.74603,0.74618,0.74632,0.5,USD_IR,Long term
7/28/2016 20:30,0.75205,0.75122,0.75127,0.75195,0.1,AUD_PPI,Long term
7/29/2016 7:30,0.75212,0.75172,0.75195,0.75203,1.2,USD_GDP,Long term
8/3/2016 20:30,0.76191,0.76076,0.76076,0.76178,0.1,AUD_RETAILSALES,Long term
8/16/2016 7:30,0.77394,0.77296,0.77305,0.77388,0.1,USD_CPI,Long term
8/17/2016 20:30,0.76647,0.76567,0.76581,0.76569,5.7,AUD_UNEMP,Long term
8/26/2016 7:30,0.76376,0.76339,0.76359,0.76373,1.1,USD_GDP,Long term
8/31/2016 20:30,0.75264,0.7522,0.75237,0.75261,0,AUD_RETAILSALES,Long term
9/6/2016 20:30,0.76755,0.76681,0.76736,0.76727,0.5,AUD_GDP,Long term
9/7/2016 9:00,0.7693,0.76864,0.769,0.76879,-150,USD_PAYROLL,Long term
9/14/2016 20:30,0.74792,0.74741,0.7478,0.7478,5.6,AUD_UNEMP,Long term
9/16/2016 7:30,0.75055,0.75001,0.75033,0.75036,0.3,USD_CPI,Long term
9/21/2016 13:00,0.75858,0.75815,0.75827,0.7583,0.5,USD_IR,Long term
9/29/2016 7:30,0.76695,0.76604,0.76605,0.76692,1.4,USD_GDP,Long term
10/4/2016 19:30,0.76147,0.76062,0.76136,0.76075,0.4,AUD_RETAILSALES,Long term
10/18/2016 7:30,0.76789,0.76745,0.76776,0.76773,0.1,USD_CPI,Long term
10/19/2016 19:30,0.77241,0.77229,0.77231,0.77236,5.6,AUD_UNEMP,Long term
10/25/2016 19:30,0.76505,0.76431,0.76462,0.7649,0.7,AUD_CPI,Long term
10/27/2016 19:30,0.75891,0.75832,0.75856,0.75889,0.3,AUD_PPI,Short term
10/28/2016 7:30,0.75749,0.75718,0.75739,0.7574,2.9,USD_GDP,Long term
11/2/2016 13:00,0.76762,0.76618,0.76711,0.76637,0.5,USD_IR,Short term
11/3/2016 19:30,0.76967,0.76828,0.7684,0.76845,0.6,AUD_RETAILSALES,Long term
11/15/2016 8:30,0.75629,0.7535,0.75572,0.75373,0.8,USD_RETAIL,Short term
11/16/2016 8:30,0.74797,0.74653,0.74697,0.74712,0,USD_PPI,Long term
11/16/2016 19:30,0.75008,0.74673,0.74767,0.74829,5.6,AUD_UNEMP,Short term
11/17/2016 8:30,0.74677,0.74503,0.74585,0.74554,0.1,USD_CPI,Short term
11/29/2016 8:30,0.74466,0.74322,0.74417,0.74446,3.2,USD_GDP,Long term
12/1/2016 19:30,0.74293,0.742,0.74205,0.74274,0.5,AUD_RETAILSALES,Long term
12/6/2016 19:30,0.74661,0.74173,0.74656,0.7431,-0.5,AUD_GDP,Short term
12/14/2016 14:00,0.7505,0.74482,0.7505,0.74522,0.75,USD_IR,Short term
12/14/2016 19:30,0.74092,0.73866,0.73872,0.74046,5.7,AUD_UNEMP,Short term
12/15/2016 8:30,0.73879,0.73723,0.73798,0.73814,0.2,USD_CPI,Long term
12/22/2016 8:30,0.72181,0.72078,0.72117,0.72109,3.5,USD_GDP,Long term
1/9/2017 19:30,0.73559,0.73449,0.73559,0.73469,0.2,AUD_RETAILSALES,Long term
1/18/2017 8:30,0.75575,0.75447,0.75503,0.75461,0.2,USD_CPI,Long term
1/18/2017 19:30,0.75154,0.75008,0.75137,0.75019,5.8,AUD_UNEMP,Short term
1/24/2017 19:30,0.75925,0.75464,0.75915,0.75678,0.5,AUD_CPI,Short term
1/26/2017 19:30,0.75359,0.75308,0.7531,0.7535,0.5,AUD_PPI,Long term
1/27/2017 8:30,0.7557,0.75377,0.75427,0.75497,1.9,USD_GDP,Short term
2/1/2017 14:00,0.75876,0.75541,0.75579,0.75661,0.75,USD_IR,Short term
2/5/2017 19:30,0.76756,0.76577,0.76756,0.76662,-0.1,AUD_RETAILSALES,Long term
2/14/2017 8:30,0.76893,0.76806,0.76867,0.76873,0.6,USD_PPI,Long term
2/15/2017 19:30,0.77319,0.77124,0.77215,0.77161,5.7,AUD_UNEMP,Long term
2/28/2017 8:30,0.76795,0.76686,0.76711,0.76716,1.9,USD_GDP,Long term
2/28/2017 19:30,0.76699,0.76452,0.76454,0.76513,1.1,AUD_GDP,Long term
3/5/2017 19:30,0.75843,0.75703,0.75777,0.75751,0.4,AUD_RETAILSALES,Short term
3/14/2017 7:30,0.75574,0.7552,0.75567,0.75563,0.3,USD_PPI,Long term
3/15/2017 13:00,0.76644,0.75934,0.75955,0.76385,1,USD_IR,Short term
3/15/2017 19:30,0.77138,0.76924,0.77138,0.76941,5.9,AUD_UNEMP,Short term
3/30/2017 7:30,0.7675,0.76728,0.76743,0.76737,2.1,USD_GDP,Long term
4/2/2017 20:30,0.76345,0.76319,0.7632,0.76331,-0.1,AUD_RETAILSALES,Long term
4/12/2017 20:30,0.75396,0.75324,0.75394,0.75334,5.9,AUD_UNEMP,Long term
4/13/2017 7:30,0.75823,0.75771,0.75786,0.75773,-0.1,USD_PPI,Long term
4/25/2017 20:30,0.75438,0.75381,0.75424,0.75418,0.5,AUD_CPI,Long term
4/27/2017 20:30,0.74748,0.74717,0.74735,0.74733,0.5,AUD_PPI,Long term
4/28/2017 7:30,0.74731,0.74702,0.7472,0.7472,0.7,USD_GDP,Long term
5/3/2017 13:00,0.7454,0.74499,0.74518,0.74499,1,USD_IR,Long term
5/8/2017 20:30,0.73954,0.73858,0.73869,0.73936,-0.1,AUD_RETAILSALES,Long term
5/11/2017 7:30,0.73739,0.73677,0.73739,0.73697,0.5,USD_PPI,Long term
5/17/2017 20:30,0.74293,0.74254,0.74275,0.74258,5.7,AUD_UNEMP,Long term
5/26/2017 7:30,0.74534,0.74471,0.74533,0.74482,1.2,USD_GDP,Long term
5/31/2017 20:30,0.74245,0.74205,0.74232,0.74214,1,AUD_RETAILSALES,Long term
6/6/2017 20:30,0.75061,0.75024,0.75052,0.75056,0.3,AUD_GDP,Long term
6/13/2017 7:30,0.75442,0.75407,0.75417,0.75436,0,USD_PPI,Long term
6/14/2017 13:00,0.76184,0.76138,0.76181,0.76146,1.25,USD_IR,Long term
6/14/2017 20:30,0.75918,0.75873,0.75899,0.75894,5.5,AUD_UNEMP,Long term
6/29/2017 7:30,0.76694,0.76623,0.76626,0.76678,1.4,USD_GDP,Long term
7/3/2017 20:30,0.76694,0.76654,0.76656,0.76682,0.6,AUD_RETAILSALES,Short term
7/13/2017 7:30,0.77311,0.77249,0.77308,0.77266,0.1,USD_PPI,Short term
7/19/2017 20:30,0.79687,0.79632,0.7965,0.79644,5.6,AUD_UNEMP,Long term
7/25/2017 20:30,0.7935,0.79308,0.79342,0.79318,0.2,AUD_CPI,Long term
7/26/2017 13:00,0.79282,0.7923,0.79232,0.79266,1.25,USD_IR,Long term
7/27/2017 20:30,0.7977,0.79653,0.7977,0.79657,0.5,AUD_PPI,Short term
7/28/2017 7:30,0.79525,0.79478,0.79478,0.79493,2.6,USD_GDP,Long term
8/3/2017 20:30,0.79602,0.79573,0.79595,0.79579,0.3,AUD_RETAILSALES,Long term
8/10/2017 7:30,0.78837,0.7877,0.78827,0.78775,-0.1,USD_PPI,Long term
8/11/2017 7:30,0.78621,0.78599,0.78618,0.78608,0.1,USD_CPI,Long term
8/15/2017 7:30,0.78399,0.78353,0.78364,0.78357,0.6,USD_RETAIL,Long term
8/16/2017 20:30,0.7932,0.79283,0.79314,0.79306,5.6,AUD_UNEMP,Long term
8/30/2017 7:30,0.79489,0.79424,0.79488,0.79451,3,USD_GDP,Long term
9/5/2017 20:30,0.8006,0.80002,0.8004,0.80058,0.8,AUD_GDP,Long term
9/6/2017 9:00,0.7968,0.79632,0.79651,0.7966,95,USD_PAYROLL,Long term
9/6/2017 20:30,0.8017,0.80129,0.80147,0.80146,0,AUD_RETAILSALES,Long term
9/13/2017 7:30,0.80389,0.80364,0.80384,0.80376,0.2,USD_PPI,Long term
9/13/2017 20:30,0.79834,0.79762,0.79819,0.79776,5.6,AUD_UNEMP,Long term
9/14/2017 7:30,0.79994,0.7994,0.79953,0.79957,0.2,USD_CPI,Long term
9/15/2017 7:30,0.8016,0.80119,0.80155,0.80157,-0.2,USD_RETAIL,Long term
9/20/2017 13:00,0.80786,0.80731,0.80766,0.80732,1.25,USD_IR,Long term
9/28/2017 7:30,0.78229,0.78144,0.78228,0.78155,3.1,USD_GDP,Long term
10/4/2017 19:30,0.7864,0.78609,0.7864,0.78617,-0.6,AUD_RETAILSALES,Long term
10/12/2017 7:30,0.7819,0.78154,0.7817,0.78159,0.4,USD_PPI,Long term
10/18/2017 19:30,0.78486,0.7844,0.78464,0.78442,5.5,AUD_UNEMP,Long term
10/24/2017 19:30,0.77776,0.77751,0.7776,0.77769,0.6,AUD_CPI,Long term
10/26/2017 19:30,0.76606,0.7656,0.76596,0.76569,0.2,AUD_PPI,Long term
10/27/2017 7:30,0.76432,0.7638,0.76432,0.76416,3,USD_GDP,Long term
11/1/2017 13:00,0.76859,0.76689,0.76689,0.76748,1.25,USD_IR,Short term
11/2/2017 19:30,0.77139,0.76835,0.77137,0.76887,0,AUD_RETAILSALES,Short term
11/14/2017 8:30,0.76497,0.76379,0.76452,0.76482,0.4,USD_PPI,Short term
11/15/2017 19:30,0.76094,0.75687,0.75844,0.75966,5.4,AUD_UNEMP,Long term
11/29/2017 8:30,0.75637,0.75542,0.75581,0.75604,3.3,USD_GDP,Long term
12/4/2017 19:30,0.76246,0.76067,0.76068,0.76236,0.5,AUD_RETAILSALES,Short term
12/5/2017 19:30,0.76342,0.75716,0.76116,0.75757,2.8,AUD_GDP,Short term
12/12/2017 8:30,0.75739,0.75664,0.75739,0.75694,0.4,USD_PPI,Long term
12/13/2017 8:30,0.76029,0.75671,0.75671,0.76007,0.1,USD_CPI,Short term
12/13/2017 14:00,0.76262,0.76048,0.76113,0.76225,1.5,USD_IR,Short term
12/13/2017 19:30,0.76661,0.76277,0.76277,0.76626,5.4,AUD_UNEMP,Short term
12/14/2017 8:30,0.7666,0.76549,0.7666,0.76577,0.8,USD_RETAIL,Long term
12/21/2017 8:30,0.76915,0.76725,0.76744,0.76915,3.2,USD_GDP,Short term
1/10/2018 19:30,0.78738,0.78401,0.78401,0.7867,1.2,AUD_RETAILSALES,Short term
1/11/2018 8:30,0.78777,0.78659,0.78665,0.78726,-0.1,USD_PPI,Long term
1/17/2018 19:30,0.79955,0.79446,0.79693,0.79468,5.5,AUD_UNEMP,Short term
1/26/2018 8:30,0.80975,0.80855,0.8086,0.8086,2.6,USD_GDP,Long term
1/30/2018 19:30,0.80986,0.80517,0.80986,0.80756,0.6,AUD_CPI,Short term
1/31/2018 14:00,0.80795,0.80398,0.80656,0.80417,1.5,USD_IR,Short term
2/1/2018 19:30,0.80373,0.80304,0.80305,0.80337,0.6,AUD_PPI,Long term
2/5/2018 19:30,0.78912,0.78631,0.78868,0.78692,-0.5,AUD_RETAILSALES,Short term
2/14/2018 19:30,0.79364,0.79038,0.79257,0.79178,5.5,AUD_UNEMP,Long term
2/15/2018 9:30,0.79246,0.79171,0.79244,0.79235,0.4,USD_PPI,Long term
2/28/2018 9:30,0.78151,0.78035,0.78081,0.7807,2.5,USD_GDP,Short term
3/5/2018 20:30,0.77917,0.77794,0.77832,0.77898,0.1,AUD_RETAILSALES,Long term
3/6/2018 20:30,0.78031,0.77917,0.77955,0.78008,0.4,AUD_GDP,Long term
3/13/2018 8:30,0.7892,0.78832,0.78848,0.78909,0.2,USD_CPI,Long term
3/21/2018 14:00,0.77787,0.77542,0.77559,0.77784,1.75,USD_IR,Short term
3/21/2018 20:30,0.7764,0.77576,0.77614,0.77578,5.6,AUD_UNEMP,Short term
3/28/2018 8:30,0.76876,0.7679,0.76847,0.76791,2.9,USD_GDP,Short term
4/3/2018 21:30,0.76956,0.76828,0.76828,0.76931,0.6,AUD_RETAILSALES,Short term
4/10/2018 8:30,0.77391,0.77335,0.77391,0.77369,0.3,USD_PPI,Long term
4/11/2018 8:30,0.77548,0.77448,0.77448,0.7747,0.2,USD_CPI,Long term
4/16/2018 8:30,0.77667,0.77604,0.77616,0.77654,0.6,USD_RETAIL,Short term
4/18/2018 21:30,0.77952,0.77731,0.77917,0.77732,5.5,AUD_UNEMP,Long term
4/23/2018 21:30,0.7602,0.75764,0.7591,0.75932,0.4,AUD_CPI,Short term
4/26/2018 21:30,0.75472,0.75383,0.7542,0.75472,0.5,AUD_PPI,Long term
4/27/2018 8:30,0.75573,0.75373,0.75527,0.75554,2.3,USD_GDP,Short term
5/2/2018 14:00,0.75374,0.7495,0.74966,0.75334,1.75,USD_IR,Long term
5/7/2018 21:30,0.75214,0.7492,0.75205,0.7496,0,AUD_RETAILSALES,Short term
5/9/2018 8:30,0.74602,0.7452,0.7452,0.74547,0.1,USD_PPI,Long term
5/10/2018 8:30,0.75288,0.74878,0.74878,0.75175,0.1,USD_CPI,Short term
5/15/2018 8:30,0.75004,0.74755,0.7495,0.74766,0.3,USD_RETAIL,Short term
5/16/2018 21:30,0.7523,0.75054,0.75164,0.75228,5.6,AUD_UNEMP,Short term
5/30/2018 8:30,0.75528,0.75395,0.75481,0.75424,2.2,USD_GDP,Short term
6/3/2018 21:30,0.75983,0.75825,0.75827,0.75975,0.4,AUD_RETAILSALES,Short term
6/5/2018 21:30,0.76644,0.76305,0.76309,0.76602,1,AUD_GDP,Short term
6/12/2018 8:30,0.76146,0.75974,0.75985,0.76145,0.2,USD_CPI,Short term
6/13/2018 8:30,0.75867,0.75818,0.75847,0.75858,0.5,USD_PPI,Long term
6/13/2018 14:00,0.76025,0.75493,0.76025,0.75592,2,USD_IR,Short term
6/13/2018 21:30,0.75776,0.75581,0.75707,0.75728,5.4,AUD_UNEMP,Short term
6/14/2018 8:30,0.75643,0.75561,0.7564,0.75589,0.8,USD_RETAIL,Long term
6/28/2018 8:30,0.73493,0.73386,0.73418,0.73493,2,USD_GDP,Long term
7/3/2018 21:30,0.74241,0.73945,0.73946,0.74155,0.4,AUD_RETAILSALES,Short term
7/11/2018 8:30,0.74064,0.7396,0.73971,0.74054,0.3,USD_PPI,Short term
7/12/2018 8:30,0.74075,0.73891,0.73903,0.74025,0.2,USD_CPI,Long term
7/16/2018 8:30,0.7429,0.74213,0.74283,0.74268,0.5,USD_RETAIL,Long term
7/18/2018 21:30,0.74413,0.73987,0.73987,0.7428,5.4,AUD_UNEMP,Short term
7/24/2018 21:30,0.74489,0.74139,0.74362,0.74148,0.4,AUD_CPI,Short term
7/26/2018 21:30,0.73851,0.73799,0.73845,0.73811,0.3,AUD_PPI,Long term
7/27/2018 8:30,0.73911,0.73759,0.73759,0.73838,4.1,USD_GDP,Long term
8/1/2018 14:00,0.74046,0.73958,0.7399,0.74018,2,USD_IR,Short term
8/2/2018 21:30,0.7373,0.73574,0.73644,0.73602,0.4,AUD_RETAILSALES,Long term
8/9/2018 8:30,0.74231,0.74166,0.74201,0.74179,0,USD_PPI,Long term
8/10/2018 8:30,0.73148,0.72991,0.73095,0.73072,0.2,USD_CPI,Long term
8/15/2018 8:30,0.72286,0.72193,0.72258,0.72277,0.5,USD_RETAIL,Long term
8/15/2018 21:30,0.72665,0.72139,0.72367,0.72597,5.3,AUD_UNEMP,Short term
8/29/2018 8:30,0.72935,0.72881,0.72924,0.72902,4.2,USD_GDP,Long term
9/2/2018 21:30,0.71859,0.7165,0.7185,0.71769,0,AUD_RETAILSALES,Long term
9/4/2018 21:30,0.72181,0.71855,0.71855,0.72145,0.9,AUD_GDP,Long term
9/12/2018 7:30,0.71176,0.71128,0.71169,0.71142,-0.1,USD_PPI,Long term
9/12/2018 20:30,0.71732,0.71676,0.71732,0.7168,5.3,AUD_UNEMP,Long term
9/13/2018 7:30,0.71944,0.71905,0.71922,0.71932,0.1,USD_CPI,Long term
9/14/2018 7:30,0.71928,0.71859,0.71922,0.71882,0.1,USD_RETAIL,Long term
9/26/2018 13:00,0.72613,0.7258,0.72584,0.72613,2.25,USD_IR,Long term
9/27/2018 7:30,0.72322,0.72262,0.72317,0.72293,4.2,USD_GDP,Long term
10/4/2018 20:30,0.70832,0.70761,0.7083,0.70761,0.3,AUD_RETAILSALES,Short term
10/10/2018 7:30,0.71022,0.70979,0.71013,0.70981,0.2,USD_PPI,Long term
10/11/2018 7:30,0.70971,0.70937,0.70968,0.70954,0.1,USD_CPI,Long term
10/15/2018 7:30,0.71378,0.71331,0.71347,0.71343,0.1,USD_RETAIL,Long term
10/17/2018 19:30,0.71103,0.71076,0.71076,0.71082,5,AUD_UNEMP,Long term
10/26/2018 7:30,0.70354,0.7029,0.70344,0.70293,3.5,USD_GDP,Long term
10/30/2018 19:30,0.71001,0.70834,0.7099,0.70897,0.4,AUD_CPI,Short term
11/8/2018 14:00,0.72961,0.72719,0.72854,0.72726,2.25,USD_IR,Short term
11/9/2018 8:30,0.72396,0.72325,0.72395,0.72382,0.6,USD_PPI,Short term
11/14/2018 8:30,0.72286,0.72148,0.72168,0.72227,0.2,USD_CPI,Long term
11/14/2018 19:30,0.72745,0.72329,0.72329,0.72675,5,AUD_UNEMP,Short term
11/15/2018 8:30,0.7264,0.72503,0.72609,0.72571,0.8,USD_RETAIL,Short term
11/28/2018 8:30,0.72424,0.72373,0.72387,0.72402,3.5,USD_GDP,Long term
12/4/2018 19:30,0.73479,0.72943,0.73466,0.73066,0.3,AUD_GDP,Short term
12/5/2018 19:30,0.72631,0.72508,0.72567,0.72569,0.3,AUD_RETAILSALES,Short term
12/11/2018 8:30,0.72233,0.72123,0.72143,0.72229,0.1,USD_PPI,Long term
12/12/2018 8:30,0.72143,0.72024,0.72044,0.72117,0.2,USD_CPI,Short term
12/14/2018 8:30,0.71614,0.7151,0.71605,0.71522,0.2,USD_RETAIL,Long term
12/19/2018 14:00,0.71692,0.71284,0.71686,0.71347,2.5,USD_IR,Short term
12/19/2018 19:30,0.71206,0.71075,0.71105,0.7118,5.1,AUD_UNEMP,Short term
12/21/2018 8:30,0.7105,0.70976,0.7098,0.7105,3.4,USD_GDP,Long term
1/10/2019 19:30,0.72043,0.71917,0.71923,0.71965,0.4,AUD_RETAILSALES,Long term
1/11/2019 8:30,0.72272,0.7212,0.72215,0.72139,0.2,USD_CPI,Short term
1/15/2019 8:30,0.71997,0.71926,0.71927,0.7198,-0.2,USD_PPI,Long term
1/23/2019 19:30,0.71636,0.71409,0.71428,0.71584,5,AUD_UNEMP,Long term
1/29/2019 19:30,0.71812,0.71517,0.71518,0.71808,0.5,AUD_CPI,Short term
1/30/2019 14:00,0.72491,0.71926,0.71933,0.72481,2.5,USD_IR,Short term
1/31/2019 19:30,0.72765,0.72694,0.7275,0.72704,0.5,AUD_PPI,Long term
2/4/2019 20:30,0.72028,0.72002,0.72014,0.72017,-0.4,AUD_RETAILSALES,Long term
2/13/2019 9:30,0.71145,0.7102,0.71031,0.71143,0.2,USD_CPI,Short term
2/20/2019 20:30,0.71547,0.71432,0.71484,0.71509,5,AUD_UNEMP,Long term
2/28/2019 9:30,0.71272,0.71208,0.71253,0.71248,2.6,USD_GDP,Long term
3/5/2019 20:30,0.70605,0.70555,0.70555,0.70594,0.2,AUD_GDP,Long term
3/6/2019 20:30,0.70398,0.70366,0.70377,0.7039,0.1,AUD_RETAILSALES,Long term
3/11/2019 8:30,0.70639,0.70593,0.70594,0.70606,0.2,USD_RETAIL,Long term
3/12/2019 8:30,0.70825,0.70794,0.70805,0.70815,0.1,USD_CPI,Long term
3/13/2019 8:30,0.70676,0.7061,0.70612,0.7067,0.1,USD_PPI,Short term
3/20/2019 14:00,0.71451,0.71291,0.71425,0.71341,2.5,USD_IR,Short term
3/20/2019 20:30,0.7166,0.71616,0.71632,0.7163,4.9,AUD_UNEMP,Long term
3/28/2019 8:30,0.70819,0.70741,0.70815,0.70746,2.2,USD_GDP,Long term
4/1/2019 8:30,0.7127,0.71191,0.71246,0.7125,-0.2,USD_RETAIL,Long term
4/2/2019 20:30,0.70996,0.70581,0.70581,0.70918,0.8,AUD_RETAILSALES,Short term
4/10/2019 8:30,0.71468,0.7135,0.71374,0.71395,0.1,USD_CPI,Long term
4/11/2019 8:30,0.71451,0.71378,0.71451,0.71414,0.6,USD_PPI,Long term
4/17/2019 21:30,0.71993,0.7167,0.7167,0.71798,5,AUD_UNEMP,Long term
4/18/2019 8:30,0.71575,0.71483,0.71552,0.71545,1.6,USD_RETAIL,Long term
4/23/2019 21:30,0.70902,0.70365,0.70892,0.70456,0,AUD_CPI,Short term
4/25/2019 21:30,0.70281,0.70166,0.70229,0.70169,0.4,AUD_PPI,Long term
4/26/2019 8:30,0.70529,0.70209,0.70341,0.70494,3.2,USD_GDP,Short term
5/1/2019 14:00,0.70541,0.7034,0.70454,0.70459,2.5,USD_IR,Short term
5/6/2019 21:30,0.70034,0.69896,0.69926,0.70023,0.3,AUD_RETAILSALES,Short term
5/9/2019 8:30,0.6976,0.69732,0.69743,0.69734,0.2,USD_PPI,Short term
5/10/2019 8:30,0.70061,0.69943,0.6995,0.70023,0.1,USD_CPI,Long term
5/15/2019 8:30,0.69215,0.69154,0.69183,0.69178,-0.2,USD_RETAIL,Long term
5/15/2019 21:30,0.69222,0.6892,0.69218,0.69064,5.2,AUD_UNEMP,Short term
5/30/2019 8:30,0.69225,0.69163,0.69173,0.69217,3.1,USD_GDP,Long term
6/3/2019 21:30,0.69667,0.69588,0.69649,0.69655,-0.1,AUD_RETAILSALES,Long term
6/4/2019 20:30,0.69958,0.69908,0.6991,0.69955,0.4,AUD_GDP,Long term
6/11/2019 7:30,0.69567,0.69543,0.69544,0.69548,0.1,USD_PPI,Long term
6/12/2019 7:30,0.69508,0.69468,0.69496,0.69492,0.1,USD_CPI,Long term
6/12/2019 20:30,0.69357,0.69335,0.69349,0.69342,5.2,AUD_UNEMP,Long term
6/14/2019 7:30,0.69025,0.68998,0.69002,0.69024,0.5,USD_RETAIL,Long term
6/19/2019 13:00,0.68737,0.68723,0.68728,0.68727,2.5,USD_IR,Long term
6/27/2019 7:30,0.69944,0.69882,0.69882,0.69939,3.1,USD_GDP,Short term
7/3/2019 20:30,0.70365,0.7033,0.70352,0.70344,0.1,AUD_RETAILSALES,Long term
7/11/2019 7:30,0.69854,0.69806,0.69816,0.6984,0.3,USD_CPI,Long term
7/12/2019 7:30,0.69883,0.69857,0.69877,0.6987,0.1,USD_PPI,Long term
7/16/2019 7:30,0.70332,0.70283,0.70283,0.70328,0.4,USD_RETAIL,Long term
7/17/2019 20:30,0.70084,0.70062,0.70073,0.70072,5.2,AUD_UNEMP,Long term
7/26/2019 7:30,0.69297,0.6928,0.69296,0.69283,2.1,USD_GDP,Long term
7/30/2019 20:30,0.68735,0.68713,0.68717,0.68722,0.6,AUD_CPI,Long term
7/31/2019 13:00,0.68838,0.68807,0.68808,0.68838,2.25,USD_IR,Long term
8/9/2019 7:30,0.68071,0.68038,0.6804,0.68049,0.2,USD_PPI,Long term
8/13/2019 7:30,0.67729,0.6768,0.67692,0.67694,0.3,USD_CPI,Long term
8/14/2019 20:30,0.67575,0.67551,0.67566,0.67557,5.2,AUD_UNEMP,Long term
8/15/2019 7:30,0.67807,0.67698,0.67805,0.67706,0.7,USD_RETAIL,Short term
8/29/2019 7:30,0.6748,0.67454,0.67479,0.67467,2,USD_GDP,Long term
9/2/2019 20:30,0.67142,0.671,0.67113,0.67128,-0.1,AUD_RETAILSALES,Short term
9/3/2019 20:30,0.67632,0.67589,0.67628,0.67613,0.5,AUD_GDP,Long term
9/11/2019 7:30,0.68697,0.6866,0.68676,0.68691,0.1,USD_PPI,Long term
9/12/2019 7:30,0.68795,0.68772,0.68779,0.68772,0.3,USD_CPI,Long term
9/13/2019 7:30,0.68753,0.68727,0.68727,0.6875,0.4,USD_RETAIL,Long term
9/18/2019 13:00,0.68539,0.68486,0.68497,0.68534,2,USD_IR,Long term
9/18/2019 20:30,0.68189,0.68127,0.68186,0.68131,5.3,AUD_UNEMP,Long term
9/26/2019 7:30,0.67621,0.67603,0.67621,0.67611,2,USD_GDP,Long term
10/3/2019 20:30,0.67496,0.67475,0.67483,0.67492,0.4,AUD_RETAILSALES,Short term
10/8/2019 7:30,0.67431,0.67382,0.67388,0.6743,-0.3,USD_PPI,Long term
10/10/2019 7:30,0.67649,0.67618,0.67634,0.67621,0.1,USD_CPI,Long term
10/16/2019 7:30,0.67339,0.67311,0.67323,0.67311,-0.3,USD_RETAIL,Short term
10/16/2019 19:30,0.67591,0.67576,0.6759,0.67586,5.2,AUD_UNEMP,Long term
10/29/2019 19:30,0.68661,0.68492,0.68498,0.68623,0.5,AUD_CPI,Short term
10/30/2019 7:30,0.68624,0.68544,0.68621,0.68576,1.9,USD_GDP,Short term
10/30/2019 13:00,0.68715,0.68514,0.68671,0.68659,1.75,USD_IR,Long term
10/31/2019 19:30,0.68882,0.68836,0.68839,0.68882,0.4,AUD_PPI,Long term
11/3/2019 19:30,0.69152,0.69037,0.69148,0.6906,0.2,AUD_RETAILSALES,Long term
11/13/2019 8:30,0.68284,0.68235,0.68241,0.68279,0.2,USD_CPI,Long term
11/13/2019 19:30,0.68365,0.68019,0.68365,0.68034,5.3,AUD_UNEMP,Short term
11/14/2019 8:30,0.6781,0.67764,0.67787,0.67804,0.4,USD_PPI,Long term
11/15/2019 8:30,0.6804,0.67993,0.67993,0.68028,0.3,USD_RETAIL,Short term
11/27/2019 8:30,0.67856,0.67804,0.67856,0.67808,2.1,USD_GDP,Long term
12/3/2019 19:30,0.68476,0.6837,0.68473,0.68404,0.4,AUD_GDP,Short term
12/4/2019 19:30,0.6853,0.6833,0.68517,0.68358,0,AUD_RETAILSALES,Short term
12/11/2019 8:30,0.68458,0.684,0.68409,0.68452,0.2,USD_CPI,Long term
12/11/2019 14:00,0.68739,0.686,0.68638,0.68734,1.75,USD_IR,Long term
12/12/2019 8:30,0.68956,0.68883,0.68884,0.68905,0,USD_PPI,Long term
12/13/2019 8:30,0.6916,0.69089,0.69147,0.69093,0.2,USD_RETAIL,Long term
12/18/2019 19:30,0.68807,0.68586,0.68586,0.68683,5.2,AUD_UNEMP,Short term
12/20/2019 8:30,0.68956,0.68904,0.68956,0.68945,2.1,USD_GDP,Short term
1/9/2020 19:30,0.68712,0.68546,0.68546,0.68626,0.9,AUD_RETAILSALES,Long term
1/14/2020 8:30,0.69015,0.68944,0.68946,0.68958,0.1,USD_CPI,Long term
1/15/2020 8:30,0.68847,0.68812,0.68821,0.68827,0.1,USD_PPI,Long term
1/16/2020 8:30,0.69294,0.69244,0.69282,0.69257,0.3,USD_RETAIL,Long term
1/22/2020 19:30,0.68758,0.68388,0.68388,0.6875,5.1,AUD_UNEMP,Short term
1/28/2020 19:30,0.67719,0.67626,0.67626,0.67689,0.7,AUD_CPI,Short term
1/29/2020 14:00,0.67471,0.67413,0.67453,0.67458,1.75,USD_IR,Short term
1/30/2020 8:30,0.67272,0.67206,0.67212,0.67228,2.1,USD_GDP,Short term
1/30/2020 19:30,0.67179,0.67104,0.67115,0.67168,0.3,AUD_PPI,Short term
2/5/2020 20:30,0.67558,0.67503,0.67554,0.67523,-0.5,AUD_RETAILSALES,Long term
2/13/2020 9:30,0.67405,0.67318,0.6733,0.67386,0.2,USD_CPI,Short term
2/14/2020 9:30,0.67248,0.67222,0.67236,0.67232,0.3,USD_RETAIL,Short term
2/19/2020 9:30,0.66802,0.66769,0.66797,0.66777,0.5,USD_PPI,Long term
2/19/2020 20:30,0.66683,0.66496,0.66678,0.66539,5.3,AUD_UNEMP,Short term
2/27/2020 9:30,0.65817,0.65713,0.65807,0.65814,2.1,USD_GDP,Long term
3/3/2020 11:00,0.66254,0.66077,0.66221,0.66099,1.25,USD_IR,Short term
3/3/2020 20:30,0.66086,0.65958,0.66067,0.65984,0.5,AUD_GDP,Long term
3/5/2020 20:30,0.66095,0.66024,0.66026,0.66076,-0.3,AUD_RETAILSALES,Long term
3/11/2020 8:30,0.65333,0.65208,0.65278,0.65218,0.2,USD_CPI,Long term
3/12/2020 8:30,0.63489,0.63363,0.63429,0.63465,-0.6,USD_PPI,Long term
3/15/2020 17:00,0.6228,0.61757,0.6226,0.61761,0.25,USD_IR,Short term
3/17/2020 8:30,0.60382,0.60131,0.6015,0.60184,-0.5,USD_RETAIL,Long term
3/18/2020 20:30,0.56977,0.56492,0.56886,0.5658,5.1,AUD_UNEMP,Short term
